latitude,longitude,timestamp
31.13662,-81.5801,2023-12-11T21:58:42Z
31.13678,-81.58042,2023-12-11T21:58:44Z
31.13708,-81.58125,2023-12-11T21:58:49Z
31.13716,-81.58146,2023-12-11T21:58:50Z
31.13716,-81.58146,2023-12-11T21:58:50Z
31.13784,-81.58108,2023-12-11T21:58:55Z
31.13791,-81.58104,2023-12-11T21:58:56Z
31.13856,-81.58067,2023-12-11T21:59:00Z
31.13884,-81.58054,2023-12-11T21:59:02Z
31.1389,-81.58051,2023-12-11T21:59:03Z
31.13905,-81.58043,2023-12-11T21:59:04Z
31.13921,-81.58034,2023-12-11T21:59:05Z
31.13927,-81.58023,2023-12-11T21:59:06Z
31.13947,-81.58015,2023-12-11T21:59:07Z
31.13947,-81.58015,2023-12-11T21:59:07Z
31.13953,-81.58003,2023-12-11T21:59:08Z
31.13957,-81.57985,2023-12-11T21:59:09Z
31.13913,-81.5788,2023-12-11T21:59:16Z
31.13882,-81.57804,2023-12-11T21:59:21Z
31.13882,-81.57804,2023-12-11T21:59:21Z
31.13862,-81.57771,2023-12-11T21:59:23Z
31.13846,-81.5775,2023-12-11T21:59:25Z
31.13835,-81.57738,2023-12-11T21:59:26Z
31.13824,-81.57729,2023-12-11T21:59:26Z
31.1381,-81.57721,2023-12-11T21:59:28Z
31.13798,-81.57715,2023-12-11T21:59:28Z
31.13785,-81.5771,2023-12-11T21:59:29Z
31.13771,-81.57707,2023-12-11T21:59:30Z
31.13759,-81.57707,2023-12-11T21:59:31Z
31.1373,-81.57706,2023-12-11T21:59:33Z
31.13699,-81.57707,2023-12-11T21:59:35Z
31.13656,-81.57708,2023-12-11T21:59:38Z
31.13599,-81.57709,2023-12-11T21:59:42Z
31.13558,-81.57709,2023-12-11T21:59:44Z
31.13543,-81.5771,2023-12-11T21:59:45Z
31.13528,-81.57713,2023-12-11T21:59:46Z
31.13511,-81.57717,2023-12-11T21:59:48Z
31.13488,-81.57722,2023-12-11T21:59:49Z
31.13469,-81.5773,2023-12-11T21:59:51Z
31.13451,-81.57738,2023-12-11T21:59:52Z
31.13434,-81.57748,2023-12-11T21:59:53Z
31.13424,-81.57754,2023-12-11T21:59:54Z
31.13373,-81.57786,2023-12-11T21:59:58Z
31.13288,-81.57839,2023-12-11T22:00:04Z
31.13176,-81.57908,2023-12-11T22:00:13Z
31.13137,-81.57933,2023-12-11T22:00:16Z
31.12987,-81.58016,2023-12-11T22:00:27Z
31.11922,-81.58698,2023-12-11T22:01:48Z
31.11856,-81.58741,2023-12-11T22:01:53Z
31.11808,-81.58772,2023-12-11T22:01:56Z
31.11794,-81.58781,2023-12-11T22:01:57Z
31.11712,-81.58832,2023-12-11T22:02:04Z
31.1165,-81.58872,2023-12-11T22:02:08Z
31.1084,-81.59391,2023-12-11T22:03:10Z
31.10717,-81.59467,2023-12-11T22:03:19Z
31.10717,-81.59467,2023-12-11T22:03:19Z
31.10264,-81.5976,2023-12-11T22:03:54Z
31.09482,-81.60261,2023-12-11T22:04:53Z
31.09467,-81.6027,2023-12-11T22:04:54Z
31.09268,-81.60407,2023-12-11T22:05:10Z
31.09237,-81.60431,2023-12-11T22:05:12Z
31.0908,-81.60549,2023-12-11T22:05:25Z
31.08992,-81.60625,2023-12-11T22:05:32Z
31.08992,-81.60625,2023-12-11T22:05:32Z
31.08992,-81.60625,2023-12-11T22:05:32Z
31.08866,-81.60733,2023-12-11T22:05:43Z
31.08594,-81.60995,2023-12-11T22:06:06Z
31.0837,-81.61228,2023-12-11T22:06:26Z
31.08017,-81.61577,2023-12-11T22:06:57Z
31.0784,-81.61755,2023-12-11T22:07:13Z
31.07284,-81.62325,2023-12-11T22:08:02Z
31.07085,-81.62519,2023-12-11T22:08:19Z
31.06123,-81.63492,2023-12-11T22:09:44Z
31.06123,-81.63492,2023-12-11T22:09:44Z
31.06004,-81.63613,2023-12-11T22:09:55Z
31.05268,-81.64354,2023-12-11T22:10:59Z
31.04834,-81.64788,2023-12-11T22:11:38Z
31.04716,-81.64891,2023-12-11T22:11:47Z
31.04657,-81.64937,2023-12-11T22:11:52Z
31.04596,-81.6498,2023-12-11T22:11:57Z
31.04487,-81.65052,2023-12-11T22:12:05Z
31.04372,-81.65116,2023-12-11T22:12:14Z
31.04263,-81.65169,2023-12-11T22:12:22Z
31.04195,-81.65197,2023-12-11T22:12:26Z
31.04123,-81.65223,2023-12-11T22:12:32Z
31.0406,-81.65245,2023-12-11T22:12:36Z
31.03989,-81.65267,2023-12-11T22:12:41Z
31.03859,-81.65301,2023-12-11T22:12:50Z
31.03613,-81.6537,2023-12-11T22:13:07Z
31.03313,-81.65452,2023-12-11T22:13:27Z
31.02836,-81.65583,2023-12-11T22:14:00Z
31.02555,-81.65661,2023-12-11T22:14:19Z
31.01804,-81.65867,2023-12-11T22:15:11Z
31.0163,-81.65915,2023-12-11T22:15:22Z
31.01603,-81.65922,2023-12-11T22:15:24Z
30.99286,-81.66559,2023-12-11T22:18:03Z
30.98984,-81.66655,2023-12-11T22:18:24Z
30.98754,-81.66743,2023-12-11T22:18:40Z
30.98424,-81.66898,2023-12-11T22:19:04Z
30.9823,-81.66995,2023-12-11T22:19:18Z
30.9682,-81.67671,2023-12-11T22:21:00Z
30.96337,-81.67903,2023-12-11T22:21:35Z
30.95963,-81.68083,2023-12-11T22:22:02Z
30.95751,-81.68181,2023-12-11T22:22:17Z
30.95527,-81.68286,2023-12-11T22:22:33Z
30.95439,-81.6833,2023-12-11T22:22:39Z
30.95351,-81.68376,2023-12-11T22:22:46Z
30.95233,-81.68434,2023-12-11T22:22:54Z
30.95048,-81.68523,2023-12-11T22:23:08Z
30.94966,-81.68559,2023-12-11T22:23:13Z
30.94966,-81.68559,2023-12-11T22:23:13Z
30.94905,-81.68582,2023-12-11T22:23:18Z
30.94826,-81.68608,2023-12-11T22:23:23Z
30.94751,-81.68626,2023-12-11T22:23:28Z
30.94751,-81.68626,2023-12-11T22:23:28Z
30.94751,-81.68626,2023-12-11T22:23:28Z
30.94711,-81.68636,2023-12-11T22:23:31Z
30.94587,-81.68657,2023-12-11T22:23:39Z
30.94545,-81.6866,2023-12-11T22:23:42Z
30.94481,-81.68662,2023-12-11T22:23:46Z
30.93813,-81.68659,2023-12-11T22:24:31Z
30.93661,-81.68658,2023-12-11T22:24:41Z
30.92662,-81.68654,2023-12-11T22:25:48Z
30.91238,-81.68645,2023-12-11T22:27:23Z
30.91196,-81.68645,2023-12-11T22:27:26Z
30.90295,-81.68642,2023-12-11T22:28:26Z
30.89858,-81.6864,2023-12-11T22:28:55Z
30.89569,-81.68638,2023-12-11T22:29:14Z
30.89245,-81.68637,2023-12-11T22:29:36Z
30.88791,-81.68636,2023-12-11T22:30:06Z
30.88308,-81.68632,2023-12-11T22:30:38Z
30.8809,-81.68628,2023-12-11T22:30:53Z
30.87961,-81.6862,2023-12-11T22:31:01Z
30.87831,-81.68604,2023-12-11T22:31:10Z
30.87697,-81.68581,2023-12-11T22:31:19Z
30.87565,-81.68551,2023-12-11T22:31:28Z
30.87476,-81.68528,2023-12-11T22:31:34Z
30.87325,-81.68481,2023-12-11T22:31:45Z
30.87228,-81.68447,2023-12-11T22:31:51Z
30.87075,-81.68386,2023-12-11T22:32:02Z
30.8698,-81.68343,2023-12-11T22:32:09Z
30.85461,-81.67619,2023-12-11T22:33:59Z
30.85144,-81.67468,2023-12-11T22:34:21Z
30.84712,-81.67261,2023-12-11T22:34:53Z
30.84381,-81.67105,2023-12-11T22:35:16Z
30.84277,-81.67063,2023-12-11T22:35:24Z
30.84224,-81.67044,2023-12-11T22:35:27Z
30.84171,-81.67028,2023-12-11T22:35:31Z
30.84098,-81.67008,2023-12-11T22:35:36Z
30.83966,-81.66979,2023-12-11T22:35:45Z
30.83836,-81.6695,2023-12-11T22:35:54Z
30.8371,-81.66925,2023-12-11T22:36:02Z
30.83093,-81.66792,2023-12-11T22:36:44Z
30.83093,-81.66792,2023-12-11T22:36:44Z
30.81997,-81.66554,2023-12-11T22:37:59Z
30.81613,-81.66467,2023-12-11T22:38:25Z
30.8032,-81.66188,2023-12-11T22:39:52Z
30.79893,-81.66097,2023-12-11T22:40:21Z
30.79605,-81.66034,2023-12-11T22:40:41Z
30.79114,-81.65929,2023-12-11T22:41:14Z
30.79026,-81.65909,2023-12-11T22:41:20Z
30.78976,-81.65898,2023-12-11T22:41:24Z
30.78922,-81.65887,2023-12-11T22:41:27Z
30.78852,-81.65872,2023-12-11T22:41:32Z
30.78852,-81.65872,2023-12-11T22:41:32Z
30.78852,-81.65872,2023-12-11T22:41:32Z
30.77167,-81.65509,2023-12-11T22:43:26Z
30.76364,-81.65339,2023-12-11T22:44:21Z
30.75901,-81.65243,2023-12-11T22:44:52Z
30.75442,-81.65144,2023-12-11T22:45:23Z
30.75411,-81.65138,2023-12-11T22:45:25Z
30.75368,-81.65131,2023-12-11T22:45:28Z
30.75347,-81.65129,2023-12-11T22:45:30Z
30.75305,-81.65126,2023-12-11T22:45:33Z
30.75252,-81.65124,2023-12-11T22:45:36Z
30.75221,-81.65125,2023-12-11T22:45:38Z
30.75178,-81.65127,2023-12-11T22:45:41Z
30.75125,-81.65133,2023-12-11T22:45:45Z
30.75081,-81.6514,2023-12-11T22:45:48Z
30.7504,-81.65147,2023-12-11T22:45:50Z
30.7499,-81.6516,2023-12-11T22:45:54Z
30.74947,-81.65174,2023-12-11T22:45:57Z
30.74918,-81.65186,2023-12-11T22:45:59Z
30.74877,-81.65203,2023-12-11T22:46:02Z
30.74847,-81.65218,2023-12-11T22:46:04Z
30.7469,-81.65299,2023-12-11T22:46:15Z
30.74583,-81.65354,2023-12-11T22:46:23Z
30.74558,-81.65368,2023-12-11T22:46:25Z
30.74452,-81.65423,2023-12-11T22:46:33Z
30.7425,-81.6553,2023-12-11T22:46:48Z
30.7376,-81.65787,2023-12-11T22:47:23Z
30.73141,-81.66112,2023-12-11T22:48:09Z
30.73141,-81.66112,2023-12-11T22:48:09Z
30.72641,-81.66373,2023-12-11T22:48:45Z
30.72242,-81.66584,2023-12-11T22:49:15Z
30.71605,-81.66919,2023-12-11T22:50:01Z
30.71605,-81.66919,2023-12-11T22:50:01Z
30.71473,-81.66986,2023-12-11T22:50:11Z
30.7127,-81.67091,2023-12-11T22:50:26Z
30.71209,-81.67125,2023-12-11T22:50:30Z
30.71172,-81.67144,2023-12-11T22:50:33Z
30.71072,-81.67195,2023-12-11T22:50:40Z
30.70908,-81.67282,2023-12-11T22:50:52Z
30.70486,-81.67503,2023-12-11T22:51:23Z
30.70382,-81.67556,2023-12-11T22:51:31Z
30.70306,-81.67588,2023-12-11T22:51:36Z
30.70195,-81.67628,2023-12-11T22:51:44Z
30.70148,-81.67642,2023-12-11T22:51:47Z
30.70076,-81.67659,2023-12-11T22:51:52Z
30.70001,-81.67674,2023-12-11T22:51:57Z
30.69949,-81.67681,2023-12-11T22:52:00Z
30.69896,-81.67686,2023-12-11T22:52:04Z
30.69821,-81.6769,2023-12-11T22:52:09Z
30.69746,-81.67691,2023-12-11T22:52:14Z
30.69675,-81.67687,2023-12-11T22:52:19Z
30.69603,-81.67679,2023-12-11T22:52:24Z
30.69504,-81.67661,2023-12-11T22:52:30Z
30.69403,-81.67637,2023-12-11T22:52:37Z
30.69319,-81.67611,2023-12-11T22:52:43Z
30.69161,-81.67555,2023-12-11T22:52:54Z
30.67897,-81.67108,2023-12-11T22:54:22Z
30.67897,-81.67108,2023-12-11T22:54:22Z
30.66391,-81.66576,2023-12-11T22:56:07Z
30.66371,-81.66569,2023-12-11T22:56:08Z
30.66337,-81.66557,2023-12-11T22:56:11Z
30.65866,-81.66391,2023-12-11T22:56:44Z
30.65422,-81.66234,2023-12-11T22:57:15Z
30.62996,-81.65379,2023-12-11T23:00:04Z
30.62338,-81.65147,2023-12-11T23:00:50Z
30.62338,-81.65147,2023-12-11T23:00:50Z
30.61954,-81.65014,2023-12-11T23:01:16Z
30.61913,-81.64999,2023-12-11T23:01:19Z
30.61451,-81.64834,2023-12-11T23:01:52Z
30.61251,-81.64765,2023-12-11T23:02:05Z
30.6066,-81.64558,2023-12-11T23:02:47Z
30.60552,-81.64527,2023-12-11T23:02:54Z
30.60442,-81.64502,2023-12-11T23:03:02Z
30.60442,-81.64502,2023-12-11T23:03:02Z
30.60442,-81.64502,2023-12-11T23:03:02Z
30.60439,-81.64502,2023-12-11T23:03:02Z
30.60332,-81.64486,2023-12-11T23:03:09Z
30.60217,-81.64474,2023-12-11T23:03:17Z
30.60111,-81.64471,2023-12-11T23:03:24Z
30.60056,-81.64471,2023-12-11T23:03:27Z
30.59977,-81.64475,2023-12-11T23:03:33Z
30.59896,-81.64483,2023-12-11T23:03:38Z
30.58868,-81.6464,2023-12-11T23:04:47Z
30.58781,-81.64653,2023-12-11T23:04:53Z
30.58418,-81.64706,2023-12-11T23:05:17Z
30.58305,-81.64714,2023-12-11T23:05:25Z
30.5819,-81.64714,2023-12-11T23:05:33Z
30.58045,-81.64704,2023-12-11T23:05:42Z
30.57901,-81.64682,2023-12-11T23:05:52Z
30.5766,-81.64625,2023-12-11T23:06:09Z
30.5749,-81.64583,2023-12-11T23:06:20Z
30.57245,-81.64522,2023-12-11T23:06:37Z
30.54631,-81.63873,2023-12-11T23:09:35Z
30.54405,-81.63828,2023-12-11T23:09:50Z
30.54302,-81.63809,2023-12-11T23:09:57Z
30.54249,-81.638,2023-12-11T23:10:01Z
30.5405,-81.6377,2023-12-11T23:10:14Z
30.53098,-81.63667,2023-12-11T23:11:18Z
30.52224,-81.63573,2023-12-11T23:12:17Z
30.52216,-81.63573,2023-12-11T23:12:17Z
30.52216,-81.63573,2023-12-11T23:12:17Z
30.51781,-81.63525,2023-12-11T23:12:46Z
30.51741,-81.63521,2023-12-11T23:12:49Z
30.51347,-81.6348,2023-12-11T23:13:15Z
30.51152,-81.63457,2023-12-11T23:13:29Z
30.51061,-81.63451,2023-12-11T23:13:35Z
30.50942,-81.63448,2023-12-11T23:13:43Z
30.50858,-81.63452,2023-12-11T23:13:48Z
30.50774,-81.63462,2023-12-11T23:13:54Z
30.50676,-81.63481,2023-12-11T23:14:00Z
30.50596,-81.63501,2023-12-11T23:14:06Z
30.5051,-81.63529,2023-12-11T23:14:12Z
30.50416,-81.63567,2023-12-11T23:14:19Z
30.50307,-81.63618,2023-12-11T23:14:26Z
30.50013,-81.63752,2023-12-11T23:14:47Z
30.49337,-81.64063,2023-12-11T23:15:36Z
30.49239,-81.64105,2023-12-11T23:15:43Z
30.49162,-81.64136,2023-12-11T23:15:48Z
30.49082,-81.64164,2023-12-11T23:15:54Z
30.48911,-81.64217,2023-12-11T23:16:06Z
30.48821,-81.64239,2023-12-11T23:16:12Z
30.4873,-81.64258,2023-12-11T23:16:18Z
30.48619,-81.64283,2023-12-11T23:16:26Z
30.48564,-81.64295,2023-12-11T23:16:29Z
30.48564,-81.64295,2023-12-11T23:16:29Z
30.48183,-81.64376,2023-12-11T23:16:55Z
30.48131,-81.64387,2023-12-11T23:16:59Z
30.47846,-81.64446,2023-12-11T23:17:18Z
30.47741,-81.64468,2023-12-11T23:17:25Z
30.47583,-81.64503,2023-12-11T23:17:36Z
30.47442,-81.64537,2023-12-11T23:17:45Z
30.47254,-81.64589,2023-12-11T23:17:58Z
30.47026,-81.64654,2023-12-11T23:18:14Z
30.46829,-81.64711,2023-12-11T23:18:28Z
30.46829,-81.64711,2023-12-11T23:18:28Z
30.46772,-81.64738,2023-12-11T23:18:32Z
30.46691,-81.64766,2023-12-11T23:18:37Z
30.46612,-81.64791,2023-12-11T23:18:43Z
30.46581,-81.64802,2023-12-11T23:18:45Z
30.46333,-81.6488,2023-12-11T23:19:02Z
30.46302,-81.64889,2023-12-11T23:19:04Z
30.46287,-81.64892,2023-12-11T23:19:05Z
30.46271,-81.64896,2023-12-11T23:19:06Z
30.46253,-81.64898,2023-12-11T23:19:08Z
30.46238,-81.649,2023-12-11T23:19:09Z
30.46223,-81.649,2023-12-11T23:19:10Z
30.46199,-81.649,2023-12-11T23:19:11Z
30.46178,-81.64898,2023-12-11T23:19:13Z
30.46159,-81.64894,2023-12-11T23:19:14Z
30.46137,-81.64886,2023-12-11T23:19:15Z
30.46115,-81.64879,2023-12-11T23:19:17Z
30.46093,-81.64869,2023-12-11T23:19:18Z
30.46073,-81.64859,2023-12-11T23:19:20Z
30.46056,-81.64849,2023-12-11T23:19:21Z
30.46037,-81.64835,2023-12-11T23:19:23Z
30.46017,-81.64821,2023-12-11T23:19:24Z
30.46003,-81.64807,2023-12-11T23:19:25Z
30.45986,-81.6479,2023-12-11T23:19:27Z
30.45969,-81.64771,2023-12-11T23:19:29Z
30.45949,-81.64744,2023-12-11T23:19:31Z
30.45938,-81.64726,2023-12-11T23:19:32Z
30.45927,-81.64707,2023-12-11T23:19:33Z
30.45918,-81.64688,2023-12-11T23:19:34Z
30.45908,-81.64669,2023-12-11T23:19:36Z
30.459,-81.64645,2023-12-11T23:19:37Z
30.45892,-81.64621,2023-12-11T23:19:39Z
30.45888,-81.64605,2023-12-11T23:19:40Z
30.45884,-81.64585,2023-12-11T23:19:41Z
30.45881,-81.64563,2023-12-11T23:19:42Z
30.45878,-81.64541,2023-12-11T23:19:43Z
30.45873,-81.64518,2023-12-11T23:19:45Z
30.45868,-81.64489,2023-12-11T23:19:46Z
30.45864,-81.64461,2023-12-11T23:19:48Z
30.4586,-81.64436,2023-12-11T23:19:50Z
30.45843,-81.64316,2023-12-11T23:19:57Z
30.45836,-81.64277,2023-12-11T23:19:59Z
30.45829,-81.64216,2023-12-11T23:20:02Z
30.45824,-81.64187,2023-12-11T23:20:04Z
30.45819,-81.64159,2023-12-11T23:20:06Z
30.45813,-81.64118,2023-12-11T23:20:08Z
30.45809,-81.64083,2023-12-11T23:20:10Z
30.45796,-81.63975,2023-12-11T23:20:16Z
30.45796,-81.63975,2023-12-11T23:20:16Z
30.45796,-81.63975,2023-12-11T23:20:16Z
30.45793,-81.63942,2023-12-11T23:20:18Z
30.45794,-81.63912,2023-12-11T23:20:20Z
30.45781,-81.63833,2023-12-11T23:20:25Z
30.45769,-81.63771,2023-12-11T23:20:28Z
30.45735,-81.63645,2023-12-11T23:20:36Z
30.45719,-81.63557,2023-12-11T23:20:41Z
30.45719,-81.63557,2023-12-11T23:20:41Z
30.45717,-81.63524,2023-12-11T23:20:43Z
30.45695,-81.63389,2023-12-11T23:20:51Z
30.45669,-81.63272,2023-12-11T23:20:58Z
30.45652,-81.63166,2023-12-11T23:21:04Z
30.45626,-81.63022,2023-12-11T23:21:12Z
30.45558,-81.62657,2023-12-11T23:21:34Z
30.45555,-81.62642,2023-12-11T23:21:35Z
30.45545,-81.62592,2023-12-11T23:21:38Z
30.45539,-81.62561,2023-12-11T23:21:40Z
30.45533,-81.62538,2023-12-11T23:21:41Z
30.45528,-81.62518,2023-12-11T23:21:42Z
30.45524,-81.62505,2023-12-11T23:21:43Z
30.45516,-81.62478,2023-12-11T23:21:45Z
30.45507,-81.62452,2023-12-11T23:21:46Z
30.45498,-81.62426,2023-12-11T23:21:48Z
30.45476,-81.62372,2023-12-11T23:21:51Z
30.45447,-81.62313,2023-12-11T23:21:55Z
30.45432,-81.62283,2023-12-11T23:21:57Z
30.45417,-81.62259,2023-12-11T23:21:59Z
30.45403,-81.62234,2023-12-11T23:22:01Z
30.45252,-81.61998,2023-12-11T23:22:18Z
30.45196,-81.61912,2023-12-11T23:22:24Z
30.45155,-81.61849,2023-12-11T23:22:28Z
30.45155,-81.61849,2023-12-11T23:22:28Z
30.45044,-81.61709,2023-12-11T23:22:39Z
30.44993,-81.61645,2023-12-11T23:22:44Z
30.44841,-81.61476,2023-12-11T23:22:58Z
30.44728,-81.61347,2023-12-11T23:23:09Z
30.44703,-81.61326,2023-12-11T23:23:11Z
30.44693,-81.6132,2023-12-11T23:23:12Z
30.44671,-81.61311,2023-12-11T23:23:13Z
30.44661,-81.61311,2023-12-11T23:23:14Z
30.44547,-81.61308,2023-12-11T23:23:21Z
30.44494,-81.61302,2023-12-11T23:23:25Z
30.44374,-81.61301,2023-12-11T23:23:33Z
30.44374,-81.61301,2023-12-11T23:23:33Z
30.44388,-81.6137,2023-12-11T23:23:37Z
30.44393,-81.61399,2023-12-11T23:23:39Z
30.44398,-81.61423,2023-12-11T23:23:40Z
30.44412,-81.61497,2023-12-11T23:23:45Z
30.44435,-81.61621,2023-12-11T23:23:52Z
30.44441,-81.61646,2023-12-11T23:23:53Z
30.44452,-81.61706,2023-12-11T23:23:57Z
30.44453,-81.61711,2023-12-11T23:23:57Z
30.44468,-81.61789,2023-12-11T23:24:02Z
30.44477,-81.61836,2023-12-11T23:24:05Z
30.44478,-81.61841,2023-12-11T23:24:05Z
30.44483,-81.61868,2023-12-11T23:24:06Z
30.44495,-81.61934,2023-12-11T23:24:10Z
30.44498,-81.61949,2023-12-11T23:24:11Z
30.44511,-81.62016,2023-12-11T23:24:15Z
30.44511,-81.62016,2023-12-11T23:24:15Z
30.44697,-81.62022,2023-12-11T23:24:28Z
30.44703,-81.62023,2023-12-11T23:24:28Z
30.44709,-81.62025,2023-12-11T23:24:28Z
30.44714,-81.62028,2023-12-11T23:24:29Z
30.44714,-81.62028,2023-12-11T23:24:29Z
30.44716,-81.62031,2023-12-11T23:24:29Z
30.44718,-81.62038,2023-12-11T23:24:29Z
30.44719,-81.62046,2023-12-11T23:24:30Z
30.44719,-81.62056,2023-12-11T23:24:30Z
30.44718,-81.62107,2023-12-11T23:24:33Z
30.44717,-81.62134,2023-12-11T23:24:35Z
30.44717,-81.62134,2023-12-11T23:24:35Z
30.44789,-81.62136,2023-12-11T23:24:40Z
30.44858,-81.62139,2023-12-11T23:24:44Z
30.4491,-81.62142,2023-12-11T23:24:48Z
30.44954,-81.62144,2023-12-11T23:24:51Z
30.45036,-81.62147,2023-12-11T23:24:56Z
30.4507,-81.62149,2023-12-11T23:24:59Z
30.45112,-81.6215,2023-12-11T23:25:01Z
30.45156,-81.62151,2023-12-11T23:25:04Z
30.45214,-81.62154,2023-12-11T23:25:08Z
30.45214,-81.62154,2023-12-11T23:25:08Z
30.45205,-81.62344,2023-12-11T23:25:19Z
30.45205,-81.62344,2023-12-11T23:25:19Z
30.45205,-81.62344,2023-12-11T23:25:19Z
30.45214,-81.62154,2023-12-11T23:25:30Z
30.45214,-81.62154,2023-12-11T23:25:30Z
30.45156,-81.62151,2023-12-11T23:25:34Z
30.45112,-81.6215,2023-12-11T23:25:37Z
30.4507,-81.62149,2023-12-11T23:25:40Z
30.45036,-81.62147,2023-12-11T23:25:42Z
30.44954,-81.62144,2023-12-11T23:25:47Z
30.4491,-81.62142,2023-12-11T23:25:50Z
30.44858,-81.62139,2023-12-11T23:25:54Z
30.44789,-81.62136,2023-12-11T23:25:58Z
30.44717,-81.62134,2023-12-11T23:26:03Z
30.44717,-81.62134,2023-12-11T23:26:03Z
30.44714,-81.62231,2023-12-11T23:26:09Z
30.4471,-81.62344,2023-12-11T23:26:15Z
30.44708,-81.62349,2023-12-11T23:26:16Z
30.44706,-81.62352,2023-12-11T23:26:16Z
30.44703,-81.62355,2023-12-11T23:26:16Z
30.44698,-81.62356,2023-12-11T23:26:16Z
30.44575,-81.62349,2023-12-11T23:26:25Z
30.44575,-81.62349,2023-12-11T23:26:25Z
30.4458,-81.62371,2023-12-11T23:26:26Z
30.44603,-81.62493,2023-12-11T23:26:33Z
30.4463,-81.62632,2023-12-11T23:26:41Z
30.44653,-81.62752,2023-12-11T23:26:48Z
30.44662,-81.62796,2023-12-11T23:26:51Z
30.44665,-81.62814,2023-12-11T23:26:52Z
30.44686,-81.62921,2023-12-11T23:26:58Z
30.44696,-81.62971,2023-12-11T23:27:01Z
30.44757,-81.63289,2023-12-11T23:27:20Z
30.44778,-81.634,2023-12-11T23:27:27Z
30.44815,-81.63591,2023-12-11T23:27:38Z
30.44818,-81.63611,2023-12-11T23:27:39Z
30.44821,-81.63639,2023-12-11T23:27:41Z
30.44821,-81.63657,2023-12-11T23:27:42Z
30.4482,-81.63677,2023-12-11T23:27:43Z
30.44818,-81.63697,2023-12-11T23:27:44Z
30.44815,-81.63717,2023-12-11T23:27:45Z
30.44811,-81.6374,2023-12-11T23:27:47Z
30.44804,-81.63766,2023-12-11T23:27:48Z
30.44795,-81.63796,2023-12-11T23:27:50Z
30.44791,-81.63811,2023-12-11T23:27:51Z
30.44784,-81.63828,2023-12-11T23:27:52Z
30.44784,-81.63829,2023-12-11T23:27:52Z
30.44778,-81.63843,2023-12-11T23:27:53Z
30.44768,-81.63863,2023-12-11T23:27:54Z
30.44759,-81.63879,2023-12-11T23:27:55Z
30.44759,-81.63879,2023-12-11T23:27:55Z
30.44759,-81.63895,2023-12-11T23:27:56Z
30.44763,-81.63911,2023-12-11T23:27:57Z
30.44763,-81.63911,2023-12-11T23:27:57Z
30.44818,-81.63893,2023-12-11T23:28:01Z
30.44839,-81.63886,2023-12-11T23:28:02Z
30.44919,-81.63859,2023-12-11T23:28:08Z
30.44979,-81.63839,2023-12-11T23:28:12Z
30.45041,-81.63819,2023-12-11T23:28:16Z
30.45078,-81.63806,2023-12-11T23:28:19Z
30.4511,-81.63795,2023-12-11T23:28:21Z
30.45161,-81.63778,2023-12-11T23:28:25Z
30.45185,-81.6377,2023-12-11T23:28:26Z
30.45245,-81.6375,2023-12-11T23:28:31Z
30.45264,-81.63744,2023-12-11T23:28:32Z
30.45329,-81.63723,2023-12-11T23:28:36Z
30.45329,-81.63723,2023-12-11T23:28:36Z
30.45563,-81.63643,2023-12-11T23:28:53Z
30.45567,-81.63642,2023-12-11T23:28:53Z
30.45606,-81.63627,2023-12-11T23:28:56Z
30.45632,-81.63619,2023-12-11T23:28:58Z
30.45804,-81.63564,2023-12-11T23:29:09Z
30.45896,-81.63533,2023-12-11T23:29:16Z
30.45904,-81.6353,2023-12-11T23:29:16Z
30.45904,-81.6353,2023-12-11T23:29:16Z
30.45899,-81.63508,2023-12-11T23:29:18Z
30.45885,-81.63443,2023-12-11T23:29:22Z
30.45879,-81.63426,2023-12-11T23:29:23Z
30.45871,-81.63405,2023-12-11T23:29:24Z
30.45863,-81.63389,2023-12-11T23:29:25Z
30.45848,-81.63368,2023-12-11T23:29:27Z
30.45833,-81.63353,2023-12-11T23:29:28Z
30.45818,-81.63346,2023-12-11T23:29:29Z
30.45808,-81.63342,2023-12-11T23:29:30Z
30.45793,-81.6334,2023-12-11T23:29:31Z
30.45781,-81.63341,2023-12-11T23:29:31Z
30.4577,-81.63345,2023-12-11T23:29:32Z
30.45756,-81.63353,2023-12-11T23:29:33Z
30.45744,-81.63366,2023-12-11T23:29:34Z
30.45736,-81.63383,2023-12-11T23:29:35Z
30.45729,-81.63413,2023-12-11T23:29:37Z
30.45733,-81.63447,2023-12-11T23:29:39Z
30.45736,-81.63469,2023-12-11T23:29:41Z
30.45742,-81.635,2023-12-11T23:29:42Z
30.45748,-81.63547,2023-12-11T23:29:45Z
30.45763,-81.63637,2023-12-11T23:29:50Z
30.45781,-81.63734,2023-12-11T23:29:56Z
30.45791,-81.63799,2023-12-11T23:30:00Z
30.45801,-81.63857,2023-12-11T23:30:03Z
30.45812,-81.63918,2023-12-11T23:30:07Z
30.45848,-81.64115,2023-12-11T23:30:18Z
30.45859,-81.64176,2023-12-11T23:30:22Z
30.45859,-81.64176,2023-12-11T23:30:22Z
30.45869,-81.6423,2023-12-11T23:30:25Z
30.45878,-81.64294,2023-12-11T23:30:29Z
30.45898,-81.64396,2023-12-11T23:30:35Z
30.45911,-81.64462,2023-12-11T23:30:39Z
30.45926,-81.64516,2023-12-11T23:30:42Z
30.45954,-81.64626,2023-12-11T23:30:49Z
30.45969,-81.64694,2023-12-11T23:30:53Z
30.45976,-81.64724,2023-12-11T23:30:55Z
30.45983,-81.64759,2023-12-11T23:30:57Z
30.45991,-81.6481,2023-12-11T23:31:00Z
30.45996,-81.64848,2023-12-11T23:31:02Z
30.45997,-81.64851,2023-12-11T23:31:02Z
30.46002,-81.64889,2023-12-11T23:31:04Z
30.46007,-81.64931,2023-12-11T23:31:07Z
30.46011,-81.64971,2023-12-11T23:31:09Z
30.46014,-81.64996,2023-12-11T23:31:10Z
30.46016,-81.65022,2023-12-11T23:31:12Z
30.46017,-81.65086,2023-12-11T23:31:16Z
30.46017,-81.65121,2023-12-11T23:31:18Z
30.46017,-81.65162,2023-12-11T23:31:20Z
30.46017,-81.65198,2023-12-11T23:31:22Z
30.46015,-81.65242,2023-12-11T23:31:25Z
30.46013,-81.65269,2023-12-11T23:31:26Z
30.46008,-81.65371,2023-12-11T23:31:32Z
30.46005,-81.65439,2023-12-11T23:31:36Z
30.46003,-81.65472,2023-12-11T23:31:38Z
30.46003,-81.65481,2023-12-11T23:31:38Z
30.46002,-81.65527,2023-12-11T23:31:41Z
30.46008,-81.65855,2023-12-11T23:32:00Z
30.46013,-81.66593,2023-12-11T23:32:42Z
30.46013,-81.66593,2023-12-11T23:32:42Z
30.46013,-81.66593,2023-12-11T23:32:42Z
30.46013,-81.66604,2023-12-11T23:32:43Z
30.46013,-81.66633,2023-12-11T23:32:45Z
30.46015,-81.66944,2023-12-11T23:33:02Z
30.46017,-81.67453,2023-12-11T23:33:32Z
30.46017,-81.67453,2023-12-11T23:33:32Z
30.46022,-81.67835,2023-12-11T23:33:54Z
30.46023,-81.67893,2023-12-11T23:33:57Z
30.46024,-81.682,2023-12-11T23:34:15Z
30.46026,-81.68304,2023-12-11T23:34:21Z
30.46027,-81.68448,2023-12-11T23:34:29Z
30.46026,-81.68524,2023-12-11T23:34:33Z
30.46025,-81.6858,2023-12-11T23:34:37Z
30.4602,-81.68677,2023-12-11T23:34:42Z
30.46014,-81.68767,2023-12-11T23:34:47Z
30.46008,-81.68842,2023-12-11T23:34:52Z
30.46001,-81.68913,2023-12-11T23:34:56Z
30.4599,-81.68996,2023-12-11T23:35:01Z
30.45976,-81.69095,2023-12-11T23:35:06Z
30.45969,-81.69143,2023-12-11T23:35:09Z
30.4596,-81.69192,2023-12-11T23:35:12Z
30.45951,-81.69241,2023-12-11T23:35:15Z
30.45942,-81.69292,2023-12-11T23:35:18Z
30.45933,-81.69332,2023-12-11T23:35:20Z
30.45931,-81.69341,2023-12-11T23:35:21Z
30.4592,-81.69391,2023-12-11T23:35:24Z
30.45909,-81.69441,2023-12-11T23:35:27Z
30.45883,-81.69541,2023-12-11T23:35:33Z
30.45855,-81.69641,2023-12-11T23:35:39Z
30.4584,-81.69692,2023-12-11T23:35:42Z
30.45807,-81.69792,2023-12-11T23:35:48Z
30.45786,-81.69852,2023-12-11T23:35:52Z
30.45769,-81.69898,2023-12-11T23:35:55Z
30.45734,-81.69989,2023-12-11T23:36:00Z
30.45696,-81.70087,2023-12-11T23:36:07Z
30.45696,-81.70087,2023-12-11T23:36:07Z
30.45638,-81.70241,2023-12-11T23:36:16Z
30.45524,-81.70538,2023-12-11T23:36:35Z
30.45498,-81.70603,2023-12-11T23:36:39Z
30.45372,-81.70941,2023-12-11T23:37:00Z
30.4535,-81.70999,2023-12-11T23:37:04Z
30.45334,-81.7104,2023-12-11T23:37:06Z
30.45297,-81.71131,2023-12-11T23:37:12Z
30.45279,-81.71176,2023-12-11T23:37:15Z
30.45259,-81.7122,2023-12-11T23:37:18Z
30.45222,-81.71294,2023-12-11T23:37:23Z
30.45199,-81.71337,2023-12-11T23:37:26Z
30.45176,-81.71378,2023-12-11T23:37:29Z
30.45152,-81.71419,2023-12-11T23:37:31Z
30.45127,-81.71457,2023-12-11T23:37:34Z
30.45102,-81.71495,2023-12-11T23:37:37Z
30.45077,-81.71532,2023-12-11T23:37:40Z
30.45024,-81.71601,2023-12-11T23:37:45Z
30.44969,-81.71665,2023-12-11T23:37:50Z
30.44945,-81.71692,2023-12-11T23:37:52Z
30.44902,-81.71737,2023-12-11T23:37:56Z
30.44896,-81.71744,2023-12-11T23:37:57Z
30.44846,-81.71792,2023-12-11T23:38:01Z
30.44796,-81.71836,2023-12-11T23:38:05Z
30.44768,-81.71859,2023-12-11T23:38:08Z
30.4471,-81.71903,2023-12-11T23:38:12Z
30.44651,-81.71944,2023-12-11T23:38:17Z
30.44591,-81.71982,2023-12-11T23:38:21Z
30.44522,-81.72026,2023-12-11T23:38:27Z
30.44471,-81.72059,2023-12-11T23:38:31Z
30.44441,-81.7208,2023-12-11T23:38:33Z
30.44441,-81.7208,2023-12-11T23:38:33Z
30.43884,-81.72431,2023-12-11T23:39:15Z
30.43875,-81.72437,2023-12-11T23:39:16Z
30.43874,-81.72438,2023-12-11T23:39:16Z
30.43801,-81.72483,2023-12-11T23:39:22Z
30.43704,-81.72544,2023-12-11T23:39:29Z
30.43325,-81.72784,2023-12-11T23:39:58Z
30.42751,-81.73147,2023-12-11T23:40:41Z
30.42363,-81.7339,2023-12-11T23:41:11Z
30.42089,-81.73563,2023-12-11T23:41:32Z
30.42042,-81.73592,2023-12-11T23:41:35Z
30.41987,-81.7363,2023-12-11T23:41:39Z
30.41959,-81.73651,2023-12-11T23:41:42Z
30.4195,-81.73658,2023-12-11T23:41:42Z
30.41932,-81.73672,2023-12-11T23:41:44Z
30.41908,-81.73692,2023-12-11T23:41:46Z
30.41884,-81.73713,2023-12-11T23:41:48Z
30.41862,-81.73733,2023-12-11T23:41:50Z
30.41819,-81.73775,2023-12-11T23:41:53Z
30.4178,-81.73817,2023-12-11T23:41:57Z
30.41762,-81.73838,2023-12-11T23:41:59Z
30.41731,-81.73875,2023-12-11T23:42:02Z
30.41701,-81.73915,2023-12-11T23:42:05Z
30.41672,-81.73954,2023-12-11T23:42:08Z
30.41644,-81.73998,2023-12-11T23:42:11Z
30.41608,-81.74064,2023-12-11T23:42:15Z
30.41541,-81.74187,2023-12-11T23:42:24Z
30.41541,-81.74187,2023-12-11T23:42:24Z
30.41247,-81.74716,2023-12-11T23:43:00Z
30.4121,-81.7478,2023-12-11T23:43:04Z
30.41184,-81.74826,2023-12-11T23:43:07Z
30.41184,-81.74826,2023-12-11T23:43:07Z
30.41124,-81.74934,2023-12-11T23:43:15Z
30.41096,-81.74983,2023-12-11T23:43:18Z
30.41071,-81.75022,2023-12-11T23:43:21Z
30.41047,-81.75054,2023-12-11T23:43:23Z
30.41017,-81.7509,2023-12-11T23:43:26Z
30.40986,-81.75126,2023-12-11T23:43:29Z
30.40953,-81.75157,2023-12-11T23:43:32Z
30.40924,-81.75184,2023-12-11T23:43:35Z
30.4089,-81.7521,2023-12-11T23:43:37Z
30.40851,-81.75237,2023-12-11T23:43:40Z
30.40835,-81.7525,2023-12-11T23:43:42Z
30.4082,-81.75261,2023-12-11T23:43:43Z
30.40803,-81.75271,2023-12-11T23:43:44Z
30.40768,-81.7529,2023-12-11T23:43:47Z
30.40736,-81.75305,2023-12-11T23:43:49Z
30.40543,-81.75371,2023-12-11T23:44:02Z
30.39561,-81.75685,2023-12-11T23:45:10Z
30.3953,-81.75694,2023-12-11T23:45:12Z
30.39479,-81.7571,2023-12-11T23:45:16Z
30.39428,-81.75726,2023-12-11T23:45:19Z
30.394,-81.75736,2023-12-11T23:45:21Z
30.39375,-81.75743,2023-12-11T23:45:23Z
30.39133,-81.75821,2023-12-11T23:45:40Z
30.39103,-81.7583,2023-12-11T23:45:42Z
30.38983,-81.75869,2023-12-11T23:45:50Z
30.38952,-81.75879,2023-12-11T23:45:52Z
30.38767,-81.75931,2023-12-11T23:46:05Z
30.38736,-81.75939,2023-12-11T23:46:07Z
30.38643,-81.75962,2023-12-11T23:46:14Z
30.38581,-81.75977,2023-12-11T23:46:18Z
30.38551,-81.75983,2023-12-11T23:46:20Z
30.3846,-81.76004,2023-12-11T23:46:26Z
30.3843,-81.7601,2023-12-11T23:46:28Z
30.38401,-81.76015,2023-12-11T23:46:30Z
30.38318,-81.76033,2023-12-11T23:46:36Z
30.38286,-81.76037,2023-12-11T23:46:38Z
30.38228,-81.76047,2023-12-11T23:46:42Z
30.3816,-81.76059,2023-12-11T23:46:46Z
30.38075,-81.76071,2023-12-11T23:46:52Z
30.38018,-81.76079,2023-12-11T23:46:56Z
30.37961,-81.76086,2023-12-11T23:47:00Z
30.37929,-81.76089,2023-12-11T23:47:02Z
30.37898,-81.76092,2023-12-11T23:47:04Z
30.37866,-81.76095,2023-12-11T23:47:06Z
30.37835,-81.76098,2023-12-11T23:47:08Z
30.3783,-81.76098,2023-12-11T23:47:08Z
30.37779,-81.76104,2023-12-11T23:47:12Z
30.37637,-81.76112,2023-12-11T23:47:21Z
30.37637,-81.76112,2023-12-11T23:47:21Z
30.37561,-81.76116,2023-12-11T23:47:26Z
30.37498,-81.76118,2023-12-11T23:47:31Z
30.37229,-81.76121,2023-12-11T23:47:49Z
30.37184,-81.76121,2023-12-11T23:47:52Z
30.36845,-81.7612,2023-12-11T23:48:14Z
30.36667,-81.76115,2023-12-11T23:48:26Z
30.36293,-81.76111,2023-12-11T23:48:51Z
30.3614,-81.76109,2023-12-11T23:49:01Z
30.36104,-81.76109,2023-12-11T23:49:04Z
30.35889,-81.76107,2023-12-11T23:49:18Z
30.35655,-81.76104,2023-12-11T23:49:34Z
30.35655,-81.76104,2023-12-11T23:49:34Z
30.35655,-81.76104,2023-12-11T23:49:34Z
30.35308,-81.76101,2023-12-11T23:49:57Z
30.35017,-81.76098,2023-12-11T23:50:16Z
30.34697,-81.76095,2023-12-11T23:50:38Z
30.34658,-81.76095,2023-12-11T23:50:40Z
30.34555,-81.76094,2023-12-11T23:50:47Z
30.34459,-81.76094,2023-12-11T23:50:53Z
30.34276,-81.76092,2023-12-11T23:51:06Z
30.34186,-81.76091,2023-12-11T23:51:12Z
30.34013,-81.76089,2023-12-11T23:51:23Z
30.34013,-81.76089,2023-12-11T23:51:23Z
30.33953,-81.76095,2023-12-11T23:51:27Z
30.33876,-81.76104,2023-12-11T23:51:32Z
30.33836,-81.76112,2023-12-11T23:51:35Z
30.33789,-81.76123,2023-12-11T23:51:38Z
30.33737,-81.76139,2023-12-11T23:51:42Z
30.33707,-81.7615,2023-12-11T23:51:44Z
30.33676,-81.76162,2023-12-11T23:51:46Z
30.33615,-81.76186,2023-12-11T23:51:50Z
30.33615,-81.76186,2023-12-11T23:51:50Z
30.33598,-81.76201,2023-12-11T23:51:52Z
30.3359,-81.76213,2023-12-11T23:51:53Z
30.33589,-81.76215,2023-12-11T23:51:53Z
30.33585,-81.76223,2023-12-11T23:51:53Z
30.33577,-81.76243,2023-12-11T23:51:55Z
30.33577,-81.7633,2023-12-11T23:52:00Z
30.33571,-81.76351,2023-12-11T23:52:01Z
30.33571,-81.7636,2023-12-11T23:52:01Z
30.3357,-81.76417,2023-12-11T23:52:05Z
30.3357,-81.76444,2023-12-11T23:52:06Z
30.33572,-81.76464,2023-12-11T23:52:07Z
30.33572,-81.76464,2023-12-11T23:52:07Z
30.33583,-81.76464,2023-12-11T23:52:08Z
30.33745,-81.76463,2023-12-11T23:52:19Z
30.33789,-81.76463,2023-12-11T23:52:22Z
30.3386,-81.76462,2023-12-11T23:52:27Z
30.3392,-81.76461,2023-12-11T23:52:31Z
30.33944,-81.76461,2023-12-11T23:52:32Z
30.34079,-81.7646,2023-12-11T23:52:41Z
30.34139,-81.76459,2023-12-11T23:52:45Z
30.34139,-81.76459,2023-12-11T23:52:45Z
30.34138,-81.764,2023-12-11T23:52:49Z
30.34133,-81.76383,2023-12-11T23:52:50Z
30.34097,-81.76384,2023-12-11T23:52:52Z
30.34089,-81.76401,2023-12-11T23:52:53Z
30.34089,-81.76433,2023-12-11T23:52:55Z
30.34089,-81.76433,2023-12-11T23:52:55Z
30.34089,-81.76401,2023-12-11T23:52:57Z
30.34097,-81.76384,2023-12-11T23:52:58Z
30.34133,-81.76383,2023-12-11T23:53:00Z
30.34138,-81.764,2023-12-11T23:53:01Z
30.34139,-81.76459,2023-12-11T23:53:05Z
30.34139,-81.76459,2023-12-11T23:53:05Z
30.34079,-81.7646,2023-12-11T23:53:09Z
30.34066,-81.7646,2023-12-11T23:53:10Z
30.34066,-81.7646,2023-12-11T23:53:10Z
30.34066,-81.7646,2023-12-11T23:53:10Z
30.33944,-81.76461,2023-12-11T23:53:18Z
30.3392,-81.76461,2023-12-11T23:53:19Z
30.3386,-81.76462,2023-12-11T23:53:23Z
30.33789,-81.76463,2023-12-11T23:53:28Z
30.33745,-81.76463,2023-12-11T23:53:31Z
30.33583,-81.76464,2023-12-11T23:53:42Z
30.33572,-81.76464,2023-12-11T23:53:43Z
30.33572,-81.76464,2023-12-11T23:53:43Z
30.3357,-81.76444,2023-12-11T23:53:44Z
30.3357,-81.76417,2023-12-11T23:53:45Z
30.33571,-81.7636,2023-12-11T23:53:49Z
30.33571,-81.76351,2023-12-11T23:53:49Z
30.33566,-81.76332,2023-12-11T23:53:50Z
30.33565,-81.76282,2023-12-11T23:53:53Z
30.33565,-81.76282,2023-12-11T23:53:53Z
30.33559,-81.76259,2023-12-11T23:53:55Z
30.33555,-81.7625,2023-12-11T23:53:55Z
30.33553,-81.76247,2023-12-11T23:53:55Z
30.33548,-81.76239,2023-12-11T23:53:56Z
30.33541,-81.7623,2023-12-11T23:53:57Z
30.33527,-81.76219,2023-12-11T23:53:58Z
30.3351,-81.76214,2023-12-11T23:53:59Z
30.33463,-81.76217,2023-12-11T23:54:02Z
30.33433,-81.76223,2023-12-11T23:54:04Z
30.33402,-81.76229,2023-12-11T23:54:06Z
30.33374,-81.76236,2023-12-11T23:54:08Z
30.33346,-81.76244,2023-12-11T23:54:10Z
30.33299,-81.7626,2023-12-11T23:54:13Z
30.33251,-81.76281,2023-12-11T23:54:17Z
30.33211,-81.76302,2023-12-11T23:54:20Z
30.33179,-81.76322,2023-12-11T23:54:22Z
30.33142,-81.7634,2023-12-11T23:54:25Z
30.33078,-81.76387,2023-12-11T23:54:30Z
30.33027,-81.76424,2023-12-11T23:54:34Z
30.32992,-81.76454,2023-12-11T23:54:37Z
30.32957,-81.76485,2023-12-11T23:54:40Z
30.329,-81.76541,2023-12-11T23:54:45Z
30.32856,-81.76584,2023-12-11T23:54:49Z
30.32661,-81.76773,2023-12-11T23:55:06Z
30.32633,-81.76802,2023-12-11T23:55:08Z
30.32557,-81.76875,2023-12-11T23:55:15Z
30.32531,-81.76897,2023-12-11T23:55:17Z
30.32505,-81.76917,2023-12-11T23:55:19Z
30.3245,-81.76951,2023-12-11T23:55:23Z
30.32421,-81.76968,2023-12-11T23:55:25Z
30.32391,-81.76983,2023-12-11T23:55:27Z
30.32361,-81.76998,2023-12-11T23:55:30Z
30.32322,-81.77013,2023-12-11T23:55:32Z
30.32296,-81.77022,2023-12-11T23:55:34Z
30.32268,-81.77031,2023-12-11T23:55:36Z
30.32236,-81.77039,2023-12-11T23:55:38Z
30.3219,-81.77049,2023-12-11T23:55:41Z
30.32167,-81.77052,2023-12-11T23:55:43Z
30.32137,-81.77056,2023-12-11T23:55:45Z
30.32104,-81.77058,2023-12-11T23:55:47Z
30.32049,-81.77059,2023-12-11T23:55:51Z
30.32008,-81.77059,2023-12-11T23:55:53Z
30.31958,-81.7706,2023-12-11T23:55:57Z
30.31901,-81.77061,2023-12-11T23:56:01Z
30.31901,-81.77061,2023-12-11T23:56:01Z
30.31822,-81.7707,2023-12-11T23:56:06Z
30.31795,-81.77074,2023-12-11T23:56:08Z
30.31763,-81.77082,2023-12-11T23:56:10Z
30.31731,-81.77095,2023-12-11T23:56:12Z
30.31722,-81.771,2023-12-11T23:56:13Z
30.31701,-81.77111,2023-12-11T23:56:14Z
30.31686,-81.7712,2023-12-11T23:56:16Z
30.31668,-81.77134,2023-12-11T23:56:17Z
30.31647,-81.77152,2023-12-11T23:56:19Z
30.31639,-81.7716,2023-12-11T23:56:19Z
30.31619,-81.77181,2023-12-11T23:56:21Z
30.31609,-81.77194,2023-12-11T23:56:22Z
30.316,-81.77206,2023-12-11T23:56:23Z
30.3159,-81.77223,2023-12-11T23:56:24Z
30.31581,-81.77236,2023-12-11T23:56:25Z
30.31571,-81.77258,2023-12-11T23:56:27Z
30.31559,-81.77284,2023-12-11T23:56:28Z
30.3155,-81.77311,2023-12-11T23:56:30Z
30.31543,-81.77337,2023-12-11T23:56:32Z
30.31537,-81.77366,2023-12-11T23:56:33Z
30.31533,-81.77402,2023-12-11T23:56:35Z
30.31531,-81.77459,2023-12-11T23:56:39Z
30.31525,-81.77501,2023-12-11T23:56:41Z
30.31509,-81.7834,2023-12-11T23:57:30Z
30.31508,-81.78383,2023-12-11T23:57:32Z
30.31506,-81.78652,2023-12-11T23:57:47Z
30.31506,-81.78652,2023-12-11T23:57:47Z
30.31501,-81.78959,2023-12-11T23:58:05Z
30.315,-81.79043,2023-12-11T23:58:10Z
30.31498,-81.79115,2023-12-11T23:58:14Z
30.31497,-81.79192,2023-12-11T23:58:19Z
30.31486,-81.79733,2023-12-11T23:58:50Z
30.31482,-81.79877,2023-12-11T23:58:58Z
30.31476,-81.80025,2023-12-11T23:59:07Z
30.31469,-81.80126,2023-12-11T23:59:12Z
30.31456,-81.8027,2023-12-11T23:59:21Z
30.31443,-81.80402,2023-12-11T23:59:28Z
30.31423,-81.80574,2023-12-11T23:59:38Z
30.31411,-81.80671,2023-12-11T23:59:44Z
30.31369,-81.8097,2023-12-12T00:00:02Z
30.31262,-81.817,2023-12-12T00:00:44Z
30.31249,-81.818,2023-12-12T00:00:50Z
30.31107,-81.82788,2023-12-12T00:01:48Z
30.31095,-81.82875,2023-12-12T00:01:53Z
30.31082,-81.82964,2023-12-12T00:01:58Z
30.31068,-81.8307,2023-12-12T00:02:04Z
30.31051,-81.83223,2023-12-12T00:02:13Z
30.31038,-81.83353,2023-12-12T00:02:21Z
30.30992,-81.8396,2023-12-12T00:02:56Z
30.30966,-81.84324,2023-12-12T00:03:17Z
30.30933,-81.84753,2023-12-12T00:03:41Z
30.30921,-81.84915,2023-12-12T00:03:51Z
30.30921,-81.84915,2023-12-12T00:03:51Z
30.30885,-81.85401,2023-12-12T00:04:19Z
30.30881,-81.8545,2023-12-12T00:04:22Z
30.30874,-81.85583,2023-12-12T00:04:29Z
30.30822,-81.86263,2023-12-12T00:05:09Z
30.30786,-81.86728,2023-12-12T00:05:36Z
30.30786,-81.86728,2023-12-12T00:05:36Z
30.30765,-81.86984,2023-12-12T00:05:50Z
30.30689,-81.87716,2023-12-12T00:06:33Z
30.30624,-81.88327,2023-12-12T00:07:08Z
30.30583,-81.8871,2023-12-12T00:07:31Z
30.30461,-81.89855,2023-12-12T00:08:37Z
30.30457,-81.89898,2023-12-12T00:08:40Z
30.30394,-81.90495,2023-12-12T00:09:14Z
30.30386,-81.90565,2023-12-12T00:09:18Z
30.30386,-81.90565,2023-12-12T00:09:18Z
30.30386,-81.90565,2023-12-12T00:09:18Z
30.30332,-81.91076,2023-12-12T00:09:48Z
30.30227,-81.92078,2023-12-12T00:10:46Z
30.30217,-81.9216,2023-12-12T00:10:51Z
30.30206,-81.92245,2023-12-12T00:10:56Z
30.30193,-81.92339,2023-12-12T00:11:01Z
30.30177,-81.92424,2023-12-12T00:11:06Z
30.30167,-81.92476,2023-12-12T00:11:09Z
30.30156,-81.92532,2023-12-12T00:11:13Z
30.30138,-81.9261,2023-12-12T00:11:17Z
30.30111,-81.92721,2023-12-12T00:11:24Z
30.3008,-81.92833,2023-12-12T00:11:31Z
30.30051,-81.92924,2023-12-12T00:11:36Z
30.29227,-81.95446,2023-12-12T00:14:12Z
30.29194,-81.95552,2023-12-12T00:14:18Z
30.29171,-81.95634,2023-12-12T00:14:23Z
30.2914,-81.95759,2023-12-12T00:14:31Z
30.29114,-81.95882,2023-12-12T00:14:38Z
30.29074,-81.96118,2023-12-12T00:14:52Z
30.29058,-81.9625,2023-12-12T00:14:59Z
30.29044,-81.96409,2023-12-12T00:15:09Z
30.29027,-81.96668,2023-12-12T00:15:24Z
30.28997,-81.97066,2023-12-12T00:15:47Z
30.28988,-81.97188,2023-12-12T00:15:54Z
30.28975,-81.97517,2023-12-12T00:16:13Z
30.28964,-81.97782,2023-12-12T00:16:28Z
30.28964,-81.97782,2023-12-12T00:16:28Z
30.28955,-81.97872,2023-12-12T00:16:33Z
30.28949,-81.98,2023-12-12T00:16:41Z
30.28931,-81.98249,2023-12-12T00:16:55Z
30.28924,-81.98325,2023-12-12T00:16:59Z
30.28918,-81.98401,2023-12-12T00:17:04Z
30.28918,-81.98401,2023-12-12T00:17:04Z
30.28927,-81.98461,2023-12-12T00:17:07Z
30.28942,-81.98478,2023-12-12T00:17:09Z
30.28965,-81.98493,2023-12-12T00:17:10Z
30.28986,-81.98497,2023-12-12T00:17:12Z
30.29014,-81.98488,2023-12-12T00:17:14Z
30.29034,-81.98474,2023-12-12T00:17:15Z
30.29053,-81.98447,2023-12-12T00:17:17Z
30.29063,-81.98416,2023-12-12T00:17:19Z
30.29067,-81.98374,2023-12-12T00:17:22Z
30.29065,-81.98348,2023-12-12T00:17:23Z
30.29057,-81.98321,2023-12-12T00:17:25Z
30.29036,-81.98303,2023-12-12T00:17:27Z
30.28918,-81.98299,2023-12-12T00:17:34Z
30.28853,-81.983,2023-12-12T00:17:39Z
30.28659,-81.98297,2023-12-12T00:17:52Z
30.2864,-81.98297,2023-12-12T00:17:53Z
30.28559,-81.98296,2023-12-12T00:17:58Z
30.28521,-81.98298,2023-12-12T00:18:01Z
30.28485,-81.98301,2023-12-12T00:18:03Z
30.28447,-81.98306,2023-12-12T00:18:06Z
30.28413,-81.98314,2023-12-12T00:18:08Z
30.28413,-81.98314,2023-12-12T00:18:08Z
30.28417,-81.9834,2023-12-12T00:18:10Z
30.2842,-81.98356,2023-12-12T00:18:11Z
30.2843,-81.98409,2023-12-12T00:18:14Z
30.2843,-81.98417,2023-12-12T00:18:14Z
30.28427,-81.98422,2023-12-12T00:18:15Z
30.28425,-81.98423,2023-12-12T00:18:15Z
30.28425,-81.98423,2023-12-12T00:18:15Z
30.28425,-81.98423,2023-12-12T00:18:15Z
30.28413,-81.98428,2023-12-12T00:18:16Z
30.28419,-81.98474,2023-12-12T00:18:18Z
30.28384,-81.98481,2023-12-12T00:18:21Z
30.28361,-81.98372,2023-12-12T00:18:27Z
30.28359,-81.98359,2023-12-12T00:18:28Z
30.28353,-81.98331,2023-12-12T00:18:30Z
30.28353,-81.98331,2023-12-12T00:18:30Z
30.2831,-81.98346,2023-12-12T00:18:33Z
30.28292,-81.98354,2023-12-12T00:18:34Z
30.28263,-81.98364,2023-12-12T00:18:36Z
30.2802,-81.98458,2023-12-12T00:18:53Z
30.27997,-81.98466,2023-12-12T00:18:55Z
30.27771,-81.98553,2023-12-12T00:19:10Z
30.27673,-81.98591,2023-12-12T00:19:17Z
30.27363,-81.9871,2023-12-12T00:19:39Z
30.2707,-81.98822,2023-12-12T00:20:00Z
30.26763,-81.9894,2023-12-12T00:20:21Z
30.26128,-81.99184,2023-12-12T00:21:06Z
30.25512,-81.9942,2023-12-12T00:21:49Z
30.24962,-81.99631,2023-12-12T00:22:28Z
30.24452,-81.99827,2023-12-12T00:23:04Z
30.24167,-81.99937,2023-12-12T00:23:24Z
30.23967,-82.00014,2023-12-12T00:23:38Z
30.23577,-82.00164,2023-12-12T00:24:05Z
30.22986,-82.0039,2023-12-12T00:24:47Z
30.22982,-82.00392,2023-12-12T00:24:47Z
30.22358,-82.00633,2023-12-12T00:25:31Z
30.21736,-82.00872,2023-12-12T00:26:15Z
30.21196,-82.01079,2023-12-12T00:26:53Z
30.21178,-82.01086,2023-12-12T00:26:54Z
30.21039,-82.01139,2023-12-12T00:27:04Z
30.21005,-82.01152,2023-12-12T00:27:06Z
30.20956,-82.01171,2023-12-12T00:27:09Z
30.20696,-82.01271,2023-12-12T00:27:28Z
30.20653,-82.01287,2023-12-12T00:27:31Z
30.20577,-82.01317,2023-12-12T00:27:36Z
30.2035,-82.01404,2023-12-12T00:27:52Z
30.20245,-82.01445,2023-12-12T00:27:59Z
30.20217,-82.01456,2023-12-12T00:28:01Z
30.20184,-82.01469,2023-12-12T00:28:04Z
30.20139,-82.01486,2023-12-12T00:28:07Z
30.20034,-82.01527,2023-12-12T00:28:14Z
30.19859,-82.01594,2023-12-12T00:28:27Z
30.19791,-82.0162,2023-12-12T00:28:31Z
30.1963,-82.01682,2023-12-12T00:28:43Z
30.1954,-82.01716,2023-12-12T00:28:49Z
30.19505,-82.0173,2023-12-12T00:28:52Z
30.19488,-82.01736,2023-12-12T00:28:53Z
30.19424,-82.01761,2023-12-12T00:28:57Z
30.19401,-82.0177,2023-12-12T00:28:59Z
30.19267,-82.01821,2023-12-12T00:29:08Z
30.19209,-82.01844,2023-12-12T00:29:12Z
30.19038,-82.0191,2023-12-12T00:29:24Z
30.18548,-82.02099,2023-12-12T00:29:59Z
30.18541,-82.02102,2023-12-12T00:29:59Z
30.18526,-82.02107,2023-12-12T00:30:00Z
30.18101,-82.0227,2023-12-12T00:30:30Z
30.18046,-82.02289,2023-12-12T00:30:34Z
30.1803,-82.02294,2023-12-12T00:30:35Z
30.1794,-82.02324,2023-12-12T00:30:41Z
30.17862,-82.02349,2023-12-12T00:30:47Z
30.1778,-82.02373,2023-12-12T00:30:52Z
30.17523,-82.02449,2023-12-12T00:31:10Z
30.1739,-82.0249,2023-12-12T00:31:19Z
30.17256,-82.02535,2023-12-12T00:31:29Z
30.17126,-82.02582,2023-12-12T00:31:38Z
30.16991,-82.02632,2023-12-12T00:31:47Z
30.16744,-82.02723,2023-12-12T00:32:04Z
30.16744,-82.02723,2023-12-12T00:32:04Z
30.16744,-82.02723,2023-12-12T00:32:04Z
30.16465,-82.02826,2023-12-12T00:32:24Z
30.16298,-82.02888,2023-12-12T00:32:36Z
30.16132,-82.02949,2023-12-12T00:32:47Z
30.15753,-82.0309,2023-12-12T00:33:14Z
30.15518,-82.03177,2023-12-12T00:33:30Z
30.15324,-82.03249,2023-12-12T00:33:44Z
30.15324,-82.03249,2023-12-12T00:33:44Z
30.1523,-82.03283,2023-12-12T00:33:51Z
30.15127,-82.03322,2023-12-12T00:33:58Z
30.14818,-82.03435,2023-12-12T00:34:19Z
30.14249,-82.03646,2023-12-12T00:34:59Z
30.13758,-82.03828,2023-12-12T00:35:34Z
30.12776,-82.04191,2023-12-12T00:36:42Z
30.12685,-82.04225,2023-12-12T00:36:49Z
30.12592,-82.04262,2023-12-12T00:36:55Z
30.12498,-82.043,2023-12-12T00:37:02Z
30.12409,-82.04339,2023-12-12T00:37:08Z
30.1223,-82.04423,2023-12-12T00:37:21Z
30.12049,-82.04515,2023-12-12T00:37:34Z
30.11891,-82.04596,2023-12-12T00:37:46Z
30.1175,-82.04666,2023-12-12T00:37:56Z
30.11667,-82.04706,2023-12-12T00:38:02Z
30.11578,-82.04747,2023-12-12T00:38:09Z
30.11452,-82.04802,2023-12-12T00:38:18Z
30.11339,-82.04848,2023-12-12T00:38:26Z
30.11091,-82.04943,2023-12-12T00:38:43Z
30.11081,-82.04947,2023-12-12T00:38:44Z
30.10691,-82.05096,2023-12-12T00:39:11Z
30.10501,-82.05169,2023-12-12T00:39:24Z
30.10443,-82.05193,2023-12-12T00:39:29Z
30.10404,-82.0521,2023-12-12T00:39:31Z
30.10368,-82.05228,2023-12-12T00:39:34Z
30.10294,-82.05266,2023-12-12T00:39:39Z
30.10143,-82.05347,2023-12-12T00:39:51Z
30.0996,-82.05445,2023-12-12T00:40:04Z
30.09868,-82.05495,2023-12-12T00:40:11Z
30.09728,-82.05569,2023-12-12T00:40:21Z
30.09482,-82.05701,2023-12-12T00:40:39Z
30.08999,-82.05959,2023-12-12T00:41:15Z
30.08635,-82.06153,2023-12-12T00:41:41Z
30.08569,-82.06187,2023-12-12T00:41:46Z
30.08512,-82.06214,2023-12-12T00:41:50Z
30.08484,-82.06225,2023-12-12T00:41:52Z
30.08434,-82.06246,2023-12-12T00:41:56Z
30.08193,-82.06335,2023-12-12T00:42:13Z
30.08141,-82.06354,2023-12-12T00:42:16Z
30.08126,-82.06359,2023-12-12T00:42:17Z
30.08046,-82.06389,2023-12-12T00:42:23Z
30.07978,-82.06414,2023-12-12T00:42:28Z
30.07955,-82.06422,2023-12-12T00:42:29Z
30.07748,-82.06498,2023-12-12T00:42:44Z
30.07658,-82.0653,2023-12-12T00:42:50Z
30.07617,-82.06545,2023-12-12T00:42:53Z
30.076,-82.06552,2023-12-12T00:42:54Z
30.07558,-82.06565,2023-12-12T00:42:57Z
30.07536,-82.06572,2023-12-12T00:42:59Z
30.07475,-82.06589,2023-12-12T00:43:03Z
30.07462,-82.06591,2023-12-12T00:43:04Z
30.07415,-82.06601,2023-12-12T00:43:07Z
30.07359,-82.06612,2023-12-12T00:43:11Z
30.0729,-82.0662,2023-12-12T00:43:15Z
30.07243,-82.06625,2023-12-12T00:43:18Z
30.07202,-82.06627,2023-12-12T00:43:21Z
30.07163,-82.06628,2023-12-12T00:43:24Z
30.0715,-82.06628,2023-12-12T00:43:25Z
30.07045,-82.06627,2023-12-12T00:43:32Z
30.06901,-82.06625,2023-12-12T00:43:41Z
30.06762,-82.06623,2023-12-12T00:43:51Z
30.06668,-82.06621,2023-12-12T00:43:57Z
30.065,-82.06619,2023-12-12T00:44:08Z
30.06403,-82.06617,2023-12-12T00:44:14Z
30.06252,-82.06615,2023-12-12T00:44:25Z
30.06189,-82.06614,2023-12-12T00:44:29Z
30.0614,-82.06615,2023-12-12T00:44:32Z
30.0609,-82.0662,2023-12-12T00:44:35Z
30.06047,-82.06628,2023-12-12T00:44:38Z
30.05994,-82.0664,2023-12-12T00:44:42Z
30.05944,-82.06656,2023-12-12T00:44:45Z
30.05752,-82.06726,2023-12-12T00:44:59Z
30.0571,-82.06742,2023-12-12T00:45:02Z
30.05611,-82.06778,2023-12-12T00:45:09Z
30.05587,-82.06787,2023-12-12T00:45:10Z
30.05524,-82.0681,2023-12-12T00:45:15Z
30.05476,-82.06828,2023-12-12T00:45:18Z
30.05374,-82.06866,2023-12-12T00:45:25Z
30.05335,-82.0688,2023-12-12T00:45:28Z
30.05189,-82.06933,2023-12-12T00:45:38Z
30.05094,-82.06968,2023-12-12T00:45:45Z
30.05056,-82.06981,2023-12-12T00:45:47Z
30.05009,-82.06996,2023-12-12T00:45:51Z
30.04962,-82.07011,2023-12-12T00:45:54Z
30.04857,-82.07037,2023-12-12T00:46:01Z
30.0474,-82.07075,2023-12-12T00:46:09Z
30.0468,-82.07096,2023-12-12T00:46:13Z
30.04626,-82.07116,2023-12-12T00:46:17Z
30.04575,-82.07135,2023-12-12T00:46:21Z
30.04542,-82.07147,2023-12-12T00:46:23Z
30.04523,-82.07154,2023-12-12T00:46:24Z
30.04493,-82.07165,2023-12-12T00:46:27Z
30.04433,-82.07187,2023-12-12T00:46:31Z
30.04314,-82.07231,2023-12-12T00:46:39Z
30.04256,-82.07259,2023-12-12T00:46:43Z
30.04243,-82.07265,2023-12-12T00:46:44Z
30.04182,-82.0729,2023-12-12T00:46:49Z
30.04136,-82.07307,2023-12-12T00:46:52Z
30.04005,-82.07355,2023-12-12T00:47:01Z
30.03978,-82.07365,2023-12-12T00:47:03Z
30.03776,-82.0744,2023-12-12T00:47:17Z
30.03739,-82.07455,2023-12-12T00:47:20Z
30.03738,-82.07456,2023-12-12T00:47:20Z
30.03694,-82.07475,2023-12-12T00:47:23Z
30.03648,-82.07495,2023-12-12T00:47:26Z
30.03554,-82.07539,2023-12-12T00:47:33Z
30.03492,-82.07571,2023-12-12T00:47:37Z
30.03434,-82.07602,2023-12-12T00:47:42Z
30.03381,-82.07632,2023-12-12T00:47:46Z
30.03323,-82.07667,2023-12-12T00:47:50Z
30.03279,-82.07695,2023-12-12T00:47:53Z
30.03279,-82.07695,2023-12-12T00:47:53Z
30.03279,-82.07695,2023-12-12T00:47:53Z
30.03246,-82.07716,2023-12-12T00:47:56Z
30.0316,-82.07773,2023-12-12T00:48:02Z
30.03104,-82.07814,2023-12-12T00:48:07Z
30.03006,-82.07885,2023-12-12T00:48:15Z
30.02898,-82.07964,2023-12-12T00:48:23Z
30.0269,-82.08115,2023-12-12T00:48:39Z
30.0247,-82.08278,2023-12-12T00:48:57Z
30.02404,-82.08323,2023-12-12T00:49:02Z
30.02347,-82.08363,2023-12-12T00:49:06Z
30.02284,-82.08403,2023-12-12T00:49:11Z
30.02227,-82.08437,2023-12-12T00:49:16Z
30.02164,-82.08472,2023-12-12T00:49:20Z
30.02097,-82.08506,2023-12-12T00:49:25Z
30.02037,-82.08533,2023-12-12T00:49:29Z
30.01979,-82.08558,2023-12-12T00:49:34Z
30.01856,-82.08603,2023-12-12T00:49:42Z
30.01802,-82.08622,2023-12-12T00:49:46Z
30.01576,-82.08703,2023-12-12T00:50:02Z
30.01559,-82.08709,2023-12-12T00:50:03Z
30.01547,-82.08713,2023-12-12T00:50:04Z
30.01532,-82.08719,2023-12-12T00:50:05Z
30.01324,-82.08793,2023-12-12T00:50:19Z
30.00816,-82.08975,2023-12-12T00:50:55Z
30.00751,-82.08999,2023-12-12T00:50:59Z
30.00674,-82.09026,2023-12-12T00:51:05Z
30.00454,-82.09105,2023-12-12T00:51:20Z
30.00365,-82.09136,2023-12-12T00:51:26Z
30.00271,-82.0917,2023-12-12T00:51:33Z
29.99916,-82.09297,2023-12-12T00:51:58Z
29.99826,-82.09329,2023-12-12T00:52:04Z
29.99775,-82.09345,2023-12-12T00:52:07Z
29.99734,-82.09362,2023-12-12T00:52:10Z
29.99704,-82.09374,2023-12-12T00:52:12Z
29.99658,-82.09393,2023-12-12T00:52:16Z
29.99627,-82.09408,2023-12-12T00:52:18Z
29.99597,-82.09425,2023-12-12T00:52:20Z
29.99575,-82.09438,2023-12-12T00:52:22Z
29.99496,-82.09487,2023-12-12T00:52:28Z
29.99475,-82.095,2023-12-12T00:52:29Z
29.99454,-82.09515,2023-12-12T00:52:31Z
29.99443,-82.09524,2023-12-12T00:52:32Z
29.99383,-82.09573,2023-12-12T00:52:37Z
29.99325,-82.09627,2023-12-12T00:52:42Z
29.99309,-82.09643,2023-12-12T00:52:43Z
29.99303,-82.09649,2023-12-12T00:52:44Z
29.99252,-82.09707,2023-12-12T00:52:49Z
29.99212,-82.09756,2023-12-12T00:52:52Z
29.99171,-82.09815,2023-12-12T00:52:57Z
29.99099,-82.09936,2023-12-12T00:53:05Z
29.9907,-82.09993,2023-12-12T00:53:09Z
29.99041,-82.10052,2023-12-12T00:53:13Z
29.98964,-82.10213,2023-12-12T00:53:24Z
29.98592,-82.10985,2023-12-12T00:54:15Z
29.9856,-82.11051,2023-12-12T00:54:19Z
29.98524,-82.11118,2023-12-12T00:54:24Z
29.98484,-82.11184,2023-12-12T00:54:28Z
29.98441,-82.11248,2023-12-12T00:54:33Z
29.98383,-82.11325,2023-12-12T00:54:39Z
29.98351,-82.11362,2023-12-12T00:54:42Z
29.98317,-82.114,2023-12-12T00:54:45Z
29.98278,-82.11442,2023-12-12T00:54:49Z
29.98271,-82.11448,2023-12-12T00:54:49Z
29.98236,-82.11482,2023-12-12T00:54:52Z
29.98172,-82.11538,2023-12-12T00:54:58Z
29.98104,-82.1159,2023-12-12T00:55:03Z
29.98013,-82.11652,2023-12-12T00:55:10Z
29.97742,-82.11825,2023-12-12T00:55:31Z
29.97742,-82.11825,2023-12-12T00:55:31Z
29.97596,-82.11918,2023-12-12T00:55:42Z
29.97538,-82.11957,2023-12-12T00:55:46Z
29.9746,-82.12019,2023-12-12T00:55:53Z
29.97388,-82.12085,2023-12-12T00:55:59Z
29.97328,-82.12144,2023-12-12T00:56:04Z
29.97269,-82.1221,2023-12-12T00:56:10Z
29.97242,-82.1224,2023-12-12T00:56:12Z
29.97187,-82.12311,2023-12-12T00:56:18Z
29.97134,-82.12384,2023-12-12T00:56:23Z
29.96945,-82.12645,2023-12-12T00:56:43Z
29.96896,-82.12712,2023-12-12T00:56:48Z
29.9683,-82.12798,2023-12-12T00:56:54Z
29.96783,-82.12855,2023-12-12T00:56:59Z
29.96693,-82.12957,2023-12-12T00:57:07Z
29.96646,-82.13005,2023-12-12T00:57:12Z
29.96598,-82.13053,2023-12-12T00:57:16Z
29.965,-82.13147,2023-12-12T00:57:24Z
29.96395,-82.13236,2023-12-12T00:57:33Z
29.96341,-82.13278,2023-12-12T00:57:37Z
29.96284,-82.13321,2023-12-12T00:57:42Z
29.96255,-82.13341,2023-12-12T00:57:44Z
29.96186,-82.13386,2023-12-12T00:57:49Z
29.96116,-82.13429,2023-12-12T00:57:55Z
29.95951,-82.13514,2023-12-12T00:58:07Z
29.95874,-82.13548,2023-12-12T00:58:12Z
29.95722,-82.13611,2023-12-12T00:58:23Z
29.95651,-82.13635,2023-12-12T00:58:28Z
29.95563,-82.13665,2023-12-12T00:58:34Z
29.95441,-82.13698,2023-12-12T00:58:42Z
29.9529,-82.13731,2023-12-12T00:58:53Z
29.95125,-82.13752,2023-12-12T00:59:04Z
29.94947,-82.13773,2023-12-12T00:59:16Z
29.94947,-82.13773,2023-12-12T00:59:16Z
29.94733,-82.1376,2023-12-12T00:59:30Z
29.94586,-82.13746,2023-12-12T00:59:40Z
29.94539,-82.13739,2023-12-12T00:59:43Z
29.94257,-82.13676,2023-12-12T01:00:02Z
29.94123,-82.13645,2023-12-12T01:00:11Z
29.93931,-82.13603,2023-12-12T01:00:24Z
29.93776,-82.13584,2023-12-12T01:00:35Z
29.93627,-82.13585,2023-12-12T01:00:45Z
29.93509,-82.13595,2023-12-12T01:00:53Z
29.93408,-82.13617,2023-12-12T01:00:59Z
29.93284,-82.1365,2023-12-12T01:01:08Z
29.92835,-82.13806,2023-12-12T01:01:39Z
29.92745,-82.13832,2023-12-12T01:01:45Z
29.92692,-82.13842,2023-12-12T01:01:49Z
29.92631,-82.1385,2023-12-12T01:01:53Z
29.92512,-82.13852,2023-12-12T01:02:01Z
29.924,-82.13841,2023-12-12T01:02:09Z
29.92354,-82.13828,2023-12-12T01:02:12Z
29.92292,-82.13811,2023-12-12T01:02:16Z
29.92212,-82.13783,2023-12-12T01:02:22Z
29.92139,-82.13747,2023-12-12T01:02:27Z
29.92025,-82.13684,2023-12-12T01:02:35Z
29.91798,-82.13543,2023-12-12T01:02:52Z
29.91756,-82.1352,2023-12-12T01:02:56Z
29.91708,-82.13497,2023-12-12T01:02:59Z
29.91631,-82.13467,2023-12-12T01:03:04Z
29.91624,-82.13464,2023-12-12T01:03:05Z
29.91608,-82.1346,2023-12-12T01:03:06Z
29.91575,-82.1345,2023-12-12T01:03:08Z
29.91494,-82.13434,2023-12-12T01:03:14Z
29.91469,-82.13431,2023-12-12T01:03:15Z
29.91428,-82.1343,2023-12-12T01:03:18Z
29.91362,-82.13426,2023-12-12T01:03:23Z
29.91321,-82.13425,2023-12-12T01:03:25Z
29.9128,-82.13429,2023-12-12T01:03:28Z
29.91252,-82.13434,2023-12-12T01:03:30Z
29.91244,-82.13435,2023-12-12T01:03:31Z
29.91226,-82.13438,2023-12-12T01:03:32Z
29.91199,-82.13445,2023-12-12T01:03:34Z
29.91175,-82.13451,2023-12-12T01:03:35Z
29.91133,-82.13464,2023-12-12T01:03:38Z
29.9106,-82.13486,2023-12-12T01:03:43Z
29.91034,-82.13491,2023-12-12T01:03:45Z
29.90986,-82.13502,2023-12-12T01:03:48Z
29.90927,-82.13513,2023-12-12T01:03:52Z
29.90904,-82.13516,2023-12-12T01:03:54Z
29.90856,-82.13524,2023-12-12T01:03:57Z
29.90733,-82.13547,2023-12-12T01:04:05Z
29.9048,-82.13591,2023-12-12T01:04:22Z
29.90471,-82.13593,2023-12-12T01:04:23Z
29.90432,-82.136,2023-12-12T01:04:26Z
29.90375,-82.13609,2023-12-12T01:04:29Z
29.90267,-82.13628,2023-12-12T01:04:37Z
29.90207,-82.13639,2023-12-12T01:04:41Z
29.90149,-82.1365,2023-12-12T01:04:45Z
29.90094,-82.13662,2023-12-12T01:04:48Z
29.90044,-82.13674,2023-12-12T01:04:52Z
29.89997,-82.13688,2023-12-12T01:04:55Z
29.89997,-82.13688,2023-12-12T01:04:55Z
29.89997,-82.13688,2023-12-12T01:04:55Z
29.89994,-82.13689,2023-12-12T01:04:55Z
29.89947,-82.13704,2023-12-12T01:04:59Z
29.89883,-82.13725,2023-12-12T01:05:03Z
29.89671,-82.13795,2023-12-12T01:05:18Z
29.89657,-82.138,2023-12-12T01:05:19Z
29.89644,-82.13804,2023-12-12T01:05:20Z
29.89604,-82.13817,2023-12-12T01:05:22Z
29.8958,-82.13825,2023-12-12T01:05:24Z
29.89363,-82.13897,2023-12-12T01:05:39Z
29.8935,-82.13901,2023-12-12T01:05:40Z
29.89274,-82.13927,2023-12-12T01:05:45Z
29.89235,-82.13941,2023-12-12T01:05:48Z
29.89194,-82.13959,2023-12-12T01:05:51Z
29.89156,-82.13977,2023-12-12T01:05:54Z
29.89121,-82.13994,2023-12-12T01:05:56Z
29.89066,-82.14027,2023-12-12T01:06:00Z
29.89015,-82.14061,2023-12-12T01:06:04Z
29.88964,-82.141,2023-12-12T01:06:08Z
29.88915,-82.1414,2023-12-12T01:06:12Z
29.88874,-82.1418,2023-12-12T01:06:16Z
29.88833,-82.14222,2023-12-12T01:06:20Z
29.88793,-82.14268,2023-12-12T01:06:23Z
29.88773,-82.14293,2023-12-12T01:06:25Z
29.88754,-82.14318,2023-12-12T01:06:27Z
29.88741,-82.14334,2023-12-12T01:06:29Z
29.88603,-82.14517,2023-12-12T01:06:43Z
29.88495,-82.1466,2023-12-12T01:06:54Z
29.88461,-82.14701,2023-12-12T01:06:57Z
29.88424,-82.14741,2023-12-12T01:07:00Z
29.88395,-82.14771,2023-12-12T01:07:03Z
29.88361,-82.14803,2023-12-12T01:07:06Z
29.88329,-82.1483,2023-12-12T01:07:08Z
29.88299,-82.14855,2023-12-12T01:07:11Z
29.88258,-82.14885,2023-12-12T01:07:14Z
29.88222,-82.14909,2023-12-12T01:07:17Z
29.88186,-82.14931,2023-12-12T01:07:20Z
29.88146,-82.14953,2023-12-12T01:07:23Z
29.88105,-82.14974,2023-12-12T01:07:25Z
29.88066,-82.1499,2023-12-12T01:07:28Z
29.88021,-82.15008,2023-12-12T01:07:31Z
29.87976,-82.15022,2023-12-12T01:07:35Z
29.87931,-82.15036,2023-12-12T01:07:38Z
29.87884,-82.15046,2023-12-12T01:07:41Z
29.87721,-82.15079,2023-12-12T01:07:52Z
29.87476,-82.15128,2023-12-12T01:08:08Z
29.8741,-82.15142,2023-12-12T01:08:13Z
29.87369,-82.1515,2023-12-12T01:08:16Z
29.87287,-82.15167,2023-12-12T01:08:21Z
29.87234,-82.15178,2023-12-12T01:08:25Z
29.87062,-82.15212,2023-12-12T01:08:37Z
29.86963,-82.15233,2023-12-12T01:08:43Z
29.86943,-82.15237,2023-12-12T01:08:45Z
29.86725,-82.15281,2023-12-12T01:08:59Z
29.86687,-82.15289,2023-12-12T01:09:02Z
29.86675,-82.15291,2023-12-12T01:09:03Z
29.86656,-82.15295,2023-12-12T01:09:04Z
29.8663,-82.153,2023-12-12T01:09:06Z
29.86472,-82.15332,2023-12-12T01:09:16Z
29.86449,-82.15337,2023-12-12T01:09:18Z
29.86418,-82.15343,2023-12-12T01:09:20Z
29.86183,-82.15391,2023-12-12T01:09:36Z
29.86048,-82.15419,2023-12-12T01:09:45Z
29.85977,-82.15433,2023-12-12T01:09:50Z
29.85958,-82.15437,2023-12-12T01:09:51Z
29.85837,-82.15462,2023-12-12T01:10:00Z
29.85797,-82.15471,2023-12-12T01:10:02Z
29.85763,-82.1548,2023-12-12T01:10:05Z
29.85687,-82.15503,2023-12-12T01:10:10Z
29.85684,-82.15504,2023-12-12T01:10:10Z
29.85634,-82.15521,2023-12-12T01:10:13Z
29.85588,-82.15539,2023-12-12T01:10:17Z
29.85544,-82.15557,2023-12-12T01:10:20Z
29.85345,-82.15643,2023-12-12T01:10:34Z
29.853,-82.15663,2023-12-12T01:10:37Z
29.85206,-82.15703,2023-12-12T01:10:44Z
29.85055,-82.15766,2023-12-12T01:10:55Z
29.84916,-82.15821,2023-12-12T01:11:04Z
29.84847,-82.15849,2023-12-12T01:11:09Z
29.84759,-82.15883,2023-12-12T01:11:16Z
29.84541,-82.15968,2023-12-12T01:11:31Z
29.84494,-82.15986,2023-12-12T01:11:34Z
29.84445,-82.16008,2023-12-12T01:11:38Z
29.84395,-82.16036,2023-12-12T01:11:41Z
29.8435,-82.16065,2023-12-12T01:11:45Z
29.84147,-82.16215,2023-12-12T01:12:01Z
29.83975,-82.16342,2023-12-12T01:12:15Z
29.83941,-82.16368,2023-12-12T01:12:17Z
29.83907,-82.16394,2023-12-12T01:12:20Z
29.83858,-82.16431,2023-12-12T01:12:24Z
29.83678,-82.16566,2023-12-12T01:12:38Z
29.83635,-82.16598,2023-12-12T01:12:42Z
29.83586,-82.1663,2023-12-12T01:12:45Z
29.83547,-82.16653,2023-12-12T01:12:48Z
29.83511,-82.16672,2023-12-12T01:12:51Z
29.83476,-82.16688,2023-12-12T01:12:53Z
29.83455,-82.16698,2023-12-12T01:12:55Z
29.83418,-82.16713,2023-12-12T01:12:58Z
29.834,-82.1672,2023-12-12T01:12:59Z
29.83343,-82.16738,2023-12-12T01:13:03Z
29.83285,-82.16753,2023-12-12T01:13:07Z
29.83234,-82.16763,2023-12-12T01:13:10Z
29.83183,-82.16771,2023-12-12T01:13:14Z
29.83124,-82.16774,2023-12-12T01:13:18Z
29.83053,-82.16776,2023-12-12T01:13:22Z
29.8299,-82.16776,2023-12-12T01:13:27Z
29.82749,-82.16777,2023-12-12T01:13:43Z
29.82745,-82.16777,2023-12-12T01:13:43Z
29.82715,-82.16777,2023-12-12T01:13:45Z
29.82402,-82.16776,2023-12-12T01:14:06Z
29.82379,-82.16776,2023-12-12T01:14:07Z
29.82091,-82.16777,2023-12-12T01:14:27Z
29.82045,-82.16776,2023-12-12T01:14:30Z
29.81962,-82.16776,2023-12-12T01:14:35Z
29.81818,-82.16776,2023-12-12T01:14:45Z
29.81747,-82.16776,2023-12-12T01:14:49Z
29.81692,-82.16776,2023-12-12T01:14:53Z
29.81591,-82.16777,2023-12-12T01:15:00Z
29.81557,-82.16777,2023-12-12T01:15:02Z
29.81513,-82.16777,2023-12-12T01:15:05Z
29.81363,-82.16777,2023-12-12T01:15:15Z
29.81299,-82.16776,2023-12-12T01:15:19Z
29.81154,-82.16776,2023-12-12T01:15:29Z
29.80936,-82.16777,2023-12-12T01:15:44Z
29.8074,-82.16777,2023-12-12T01:15:57Z
29.80403,-82.16777,2023-12-12T01:16:19Z
29.80337,-82.16776,2023-12-12T01:16:24Z
29.8026,-82.16775,2023-12-12T01:16:29Z
29.80205,-82.16773,2023-12-12T01:16:32Z
29.80118,-82.16769,2023-12-12T01:16:38Z
29.80019,-82.16762,2023-12-12T01:16:45Z
29.79994,-82.1676,2023-12-12T01:16:46Z
29.79903,-82.16757,2023-12-12T01:16:53Z
29.79843,-82.16757,2023-12-12T01:16:57Z
29.79786,-82.16757,2023-12-12T01:17:00Z
29.79704,-82.16757,2023-12-12T01:17:06Z
29.7964,-82.16757,2023-12-12T01:17:10Z
29.79559,-82.16757,2023-12-12T01:17:15Z
29.79494,-82.16757,2023-12-12T01:17:20Z
29.79457,-82.16757,2023-12-12T01:17:22Z
29.79394,-82.16756,2023-12-12T01:17:26Z
29.79347,-82.16757,2023-12-12T01:17:30Z
29.79295,-82.16757,2023-12-12T01:17:33Z
29.79231,-82.16755,2023-12-12T01:17:37Z
29.79176,-82.16753,2023-12-12T01:17:41Z
29.79176,-82.16753,2023-12-12T01:17:41Z
29.7915,-82.16752,2023-12-12T01:17:43Z
29.79126,-82.16751,2023-12-12T01:17:44Z
29.7909,-82.16748,2023-12-12T01:17:47Z
29.79068,-82.16747,2023-12-12T01:17:48Z
29.79034,-82.16747,2023-12-12T01:17:51Z
29.78933,-82.16752,2023-12-12T01:17:57Z
29.78749,-82.16758,2023-12-12T01:18:10Z
29.78569,-82.16758,2023-12-12T01:18:22Z
29.78479,-82.16759,2023-12-12T01:18:28Z
29.78386,-82.16758,2023-12-12T01:18:34Z
29.78255,-82.16756,2023-12-12T01:18:43Z
29.78225,-82.16755,2023-12-12T01:18:45Z
29.78206,-82.16754,2023-12-12T01:18:46Z
29.7818,-82.1675,2023-12-12T01:18:48Z
29.78159,-82.16745,2023-12-12T01:18:49Z
29.78136,-82.16738,2023-12-12T01:18:51Z
29.78109,-82.16727,2023-12-12T01:18:52Z
29.78077,-82.16709,2023-12-12T01:18:55Z
29.7805,-82.16691,2023-12-12T01:18:57Z
29.78023,-82.16667,2023-12-12T01:18:59Z
29.77998,-82.16643,2023-12-12T01:19:01Z
29.77977,-82.1662,2023-12-12T01:19:03Z
29.77954,-82.16593,2023-12-12T01:19:05Z
29.77934,-82.16567,2023-12-12T01:19:08Z
29.77826,-82.16419,2023-12-12T01:19:19Z
29.77782,-82.16359,2023-12-12T01:19:23Z
29.77674,-82.16211,2023-12-12T01:19:34Z
29.7737,-82.15793,2023-12-12T01:20:06Z
29.77034,-82.15333,2023-12-12T01:20:41Z
29.76872,-82.15111,2023-12-12T01:20:58Z
29.76696,-82.1487,2023-12-12T01:21:16Z
29.76683,-82.14853,2023-12-12T01:21:17Z
29.76683,-82.14853,2023-12-12T01:21:17Z
29.76683,-82.14853,2023-12-12T01:21:17Z
29.76522,-82.14632,2023-12-12T01:21:34Z
29.76505,-82.14609,2023-12-12T01:21:36Z
29.76324,-82.14359,2023-12-12T01:21:54Z
29.76297,-82.14324,2023-12-12T01:21:57Z
29.7628,-82.14302,2023-12-12T01:21:59Z
29.76259,-82.14279,2023-12-12T01:22:01Z
29.76238,-82.14258,2023-12-12T01:22:03Z
29.76214,-82.14236,2023-12-12T01:22:05Z
29.76186,-82.14214,2023-12-12T01:22:07Z
29.76161,-82.14196,2023-12-12T01:22:09Z
29.76129,-82.14178,2023-12-12T01:22:11Z
29.76103,-82.14165,2023-12-12T01:22:13Z
29.76079,-82.14155,2023-12-12T01:22:15Z
29.76051,-82.14145,2023-12-12T01:22:17Z
29.76027,-82.14138,2023-12-12T01:22:19Z
29.75994,-82.14131,2023-12-12T01:22:21Z
29.7596,-82.14126,2023-12-12T01:22:23Z
29.75936,-82.14124,2023-12-12T01:22:25Z
29.75913,-82.14124,2023-12-12T01:22:26Z
29.75725,-82.14124,2023-12-12T01:22:39Z
29.75189,-82.14124,2023-12-12T01:23:15Z
29.74656,-82.14124,2023-12-12T01:23:50Z
29.74125,-82.14124,2023-12-12T01:24:26Z
29.73858,-82.14124,2023-12-12T01:24:43Z
29.73591,-82.14124,2023-12-12T01:25:01Z
29.73326,-82.14124,2023-12-12T01:25:19Z
29.73161,-82.14124,2023-12-12T01:25:30Z
29.73057,-82.14125,2023-12-12T01:25:37Z
29.72847,-82.14124,2023-12-12T01:25:51Z
29.7263,-82.14124,2023-12-12T01:26:05Z
29.7251,-82.14124,2023-12-12T01:26:13Z
29.7247,-82.14124,2023-12-12T01:26:16Z
29.72399,-82.14124,2023-12-12T01:26:21Z
29.72359,-82.14124,2023-12-12T01:26:23Z
29.72329,-82.14123,2023-12-12T01:26:25Z
29.72294,-82.1412,2023-12-12T01:26:28Z
29.72245,-82.14116,2023-12-12T01:26:31Z
29.72214,-82.14112,2023-12-12T01:26:33Z
29.7219,-82.14108,2023-12-12T01:26:35Z
29.72157,-82.14103,2023-12-12T01:26:37Z
29.72089,-82.14088,2023-12-12T01:26:41Z
29.71986,-82.14064,2023-12-12T01:26:49Z
29.71888,-82.14039,2023-12-12T01:26:55Z
29.71726,-82.14,2023-12-12T01:27:06Z
29.71675,-82.13988,2023-12-12T01:27:10Z
29.71577,-82.13963,2023-12-12T01:27:16Z
29.71495,-82.13937,2023-12-12T01:27:22Z
29.71431,-82.1391,2023-12-12T01:27:27Z
29.71137,-82.13779,2023-12-12T01:27:48Z
29.71087,-82.13757,2023-12-12T01:27:51Z
29.70667,-82.1357,2023-12-12T01:28:21Z
29.70667,-82.1357,2023-12-12T01:28:21Z
29.70674,-82.13551,2023-12-12T01:28:22Z
29.70674,-82.13551,2023-12-12T01:28:22Z
29.71142,-82.1376,2023-12-12T01:28:56Z
29.7115,-82.13764,2023-12-12T01:28:57Z
29.7115,-82.13764,2023-12-12T01:28:57Z
29.7115,-82.13764,2023-12-12T01:28:57Z
29.71409,-82.13879,2023-12-12T01:29:15Z
29.71436,-82.13891,2023-12-12T01:29:17Z
29.71496,-82.13916,2023-12-12T01:29:21Z
29.71577,-82.13942,2023-12-12T01:29:27Z
29.71585,-82.13945,2023-12-12T01:29:27Z
29.71677,-82.13968,2023-12-12T01:29:34Z
29.71743,-82.13984,2023-12-12T01:29:38Z
29.71781,-82.13993,2023-12-12T01:29:41Z
29.71886,-82.14019,2023-12-12T01:29:48Z
29.71987,-82.14043,2023-12-12T01:29:55Z
29.72093,-82.14069,2023-12-12T01:30:02Z
29.72161,-82.14083,2023-12-12T01:30:07Z
29.72174,-82.14086,2023-12-12T01:30:08Z
29.72189,-82.14088,2023-12-12T01:30:09Z
29.72216,-82.14092,2023-12-12T01:30:10Z
29.72248,-82.14096,2023-12-12T01:30:13Z
29.72294,-82.141,2023-12-12T01:30:16Z
29.7233,-82.14103,2023-12-12T01:30:18Z
29.72362,-82.14104,2023-12-12T01:30:20Z
29.72402,-82.14105,2023-12-12T01:30:23Z
29.7251,-82.14104,2023-12-12T01:30:30Z
29.7255,-82.14104,2023-12-12T01:30:33Z
29.7263,-82.14104,2023-12-12T01:30:38Z
29.72847,-82.14104,2023-12-12T01:30:53Z
29.73057,-82.14104,2023-12-12T01:31:07Z
29.73306,-82.14104,2023-12-12T01:31:23Z
29.73325,-82.14104,2023-12-12T01:31:24Z
29.73583,-82.14104,2023-12-12T01:31:42Z
29.7359,-82.14104,2023-12-12T01:31:42Z
29.73858,-82.14104,2023-12-12T01:32:00Z
29.74125,-82.14104,2023-12-12T01:32:18Z
29.74656,-82.14104,2023-12-12T01:32:53Z
29.75188,-82.14104,2023-12-12T01:33:29Z
29.75271,-82.14104,2023-12-12T01:33:34Z
29.7544,-82.14103,2023-12-12T01:33:46Z
29.75554,-82.14103,2023-12-12T01:33:53Z
29.75725,-82.14104,2023-12-12T01:34:05Z
29.75845,-82.14104,2023-12-12T01:34:13Z
29.75939,-82.14105,2023-12-12T01:34:19Z
29.75939,-82.14105,2023-12-12T01:34:19Z
29.75963,-82.14106,2023-12-12T01:34:20Z
29.75976,-82.14108,2023-12-12T01:34:21Z
29.75996,-82.14111,2023-12-12T01:34:23Z
29.7602,-82.14116,2023-12-12T01:34:24Z
29.76044,-82.14123,2023-12-12T01:34:26Z
29.76065,-82.14129,2023-12-12T01:34:27Z
29.76086,-82.14137,2023-12-12T01:34:29Z
29.76109,-82.14147,2023-12-12T01:34:30Z
29.76136,-82.14161,2023-12-12T01:34:32Z
29.76167,-82.14178,2023-12-12T01:34:35Z
29.76195,-82.14197,2023-12-12T01:34:37Z
29.76222,-82.14218,2023-12-12T01:34:39Z
29.76254,-82.14247,2023-12-12T01:34:42Z
29.7627,-82.14263,2023-12-12T01:34:43Z
29.76271,-82.14264,2023-12-12T01:34:43Z
29.76289,-82.14284,2023-12-12T01:34:45Z
29.76309,-82.14309,2023-12-12T01:34:47Z
29.76341,-82.14351,2023-12-12T01:34:50Z
29.76534,-82.14617,2023-12-12T01:35:10Z
29.7671,-82.14857,2023-12-12T01:35:28Z
29.76885,-82.15097,2023-12-12T01:35:47Z
29.77047,-82.1532,2023-12-12T01:36:03Z
29.77383,-82.15781,2023-12-12T01:36:38Z
29.77687,-82.16198,2023-12-12T01:37:10Z
29.77785,-82.16331,2023-12-12T01:37:20Z
29.77796,-82.16347,2023-12-12T01:37:21Z
29.7784,-82.16408,2023-12-12T01:37:26Z
29.77899,-82.16488,2023-12-12T01:37:32Z
29.77967,-82.16581,2023-12-12T01:37:39Z
29.77976,-82.16593,2023-12-12T01:37:40Z
29.77988,-82.16609,2023-12-12T01:37:41Z
29.78005,-82.16631,2023-12-12T01:37:43Z
29.78031,-82.16658,2023-12-12T01:37:45Z
29.78057,-82.16679,2023-12-12T01:37:47Z
29.78083,-82.16698,2023-12-12T01:37:49Z
29.78113,-82.16714,2023-12-12T01:37:51Z
29.78138,-82.16724,2023-12-12T01:37:53Z
29.78161,-82.16731,2023-12-12T01:37:55Z
29.78181,-82.16736,2023-12-12T01:37:56Z
29.78207,-82.1674,2023-12-12T01:37:58Z
29.78225,-82.16741,2023-12-12T01:37:59Z
29.78254,-82.16742,2023-12-12T01:38:01Z
29.78386,-82.16744,2023-12-12T01:38:10Z
29.78479,-82.16745,2023-12-12T01:38:16Z
29.78569,-82.16744,2023-12-12T01:38:22Z
29.78709,-82.16744,2023-12-12T01:38:31Z
29.7875,-82.16744,2023-12-12T01:38:34Z
29.78936,-82.16742,2023-12-12T01:38:47Z
29.79034,-82.16738,2023-12-12T01:38:53Z
29.79042,-82.16738,2023-12-12T01:38:54Z
29.79077,-82.16737,2023-12-12T01:38:56Z
29.79112,-82.16739,2023-12-12T01:38:58Z
29.7914,-82.16739,2023-12-12T01:39:00Z
29.79176,-82.16743,2023-12-12T01:39:03Z
29.79224,-82.16743,2023-12-12T01:39:06Z
29.79254,-82.16743,2023-12-12T01:39:08Z
29.79296,-82.16743,2023-12-12T01:39:11Z
29.79318,-82.16743,2023-12-12T01:39:12Z
29.79349,-82.16743,2023-12-12T01:39:14Z
29.79393,-82.16743,2023-12-12T01:39:17Z
29.79447,-82.16744,2023-12-12T01:39:21Z
29.79494,-82.16743,2023-12-12T01:39:24Z
29.79547,-82.16743,2023-12-12T01:39:27Z
29.79582,-82.16743,2023-12-12T01:39:30Z
29.79639,-82.16744,2023-12-12T01:39:33Z
29.79786,-82.16744,2023-12-12T01:39:43Z
29.79844,-82.16744,2023-12-12T01:39:47Z
29.79898,-82.16744,2023-12-12T01:39:51Z
29.79994,-82.16747,2023-12-12T01:39:57Z
29.80132,-82.16753,2023-12-12T01:40:06Z
29.80205,-82.16755,2023-12-12T01:40:11Z
29.8026,-82.16755,2023-12-12T01:40:15Z
29.80335,-82.16757,2023-12-12T01:40:20Z
29.80403,-82.16758,2023-12-12T01:40:24Z
29.80444,-82.16758,2023-12-12T01:40:27Z
29.80444,-82.16758,2023-12-12T01:40:27Z
29.80444,-82.16758,2023-12-12T01:40:27Z
29.8074,-82.16757,2023-12-12T01:40:47Z
29.80936,-82.16756,2023-12-12T01:41:00Z
29.81087,-82.16756,2023-12-12T01:41:10Z
29.81154,-82.16756,2023-12-12T01:41:15Z
29.81226,-82.16756,2023-12-12T01:41:19Z
29.81298,-82.16756,2023-12-12T01:41:24Z
29.81362,-82.16756,2023-12-12T01:41:28Z
29.81457,-82.16756,2023-12-12T01:41:35Z
29.81591,-82.16756,2023-12-12T01:41:44Z
29.81758,-82.16756,2023-12-12T01:41:55Z
29.81818,-82.16757,2023-12-12T01:41:59Z
29.81866,-82.16756,2023-12-12T01:42:02Z
29.82037,-82.16756,2023-12-12T01:42:13Z
29.8209,-82.16756,2023-12-12T01:42:17Z
29.82293,-82.16756,2023-12-12T01:42:31Z
29.82378,-82.16755,2023-12-12T01:42:36Z
29.82402,-82.16756,2023-12-12T01:42:38Z
29.8251,-82.16756,2023-12-12T01:42:45Z
29.82715,-82.16756,2023-12-12T01:42:59Z
29.82982,-82.16755,2023-12-12T01:43:16Z
29.8299,-82.16755,2023-12-12T01:43:17Z
29.83052,-82.16755,2023-12-12T01:43:21Z
29.83078,-82.16755,2023-12-12T01:43:23Z
29.83125,-82.16754,2023-12-12T01:43:26Z
29.83172,-82.16751,2023-12-12T01:43:29Z
29.83182,-82.1675,2023-12-12T01:43:30Z
29.83232,-82.16743,2023-12-12T01:43:33Z
29.83282,-82.16733,2023-12-12T01:43:37Z
29.8334,-82.16718,2023-12-12T01:43:41Z
29.83397,-82.167,2023-12-12T01:43:44Z
29.83452,-82.16678,2023-12-12T01:43:48Z
29.8351,-82.1665,2023-12-12T01:43:53Z
29.83548,-82.1663,2023-12-12T01:43:55Z
29.83589,-82.16605,2023-12-12T01:43:58Z
29.83617,-82.16586,2023-12-12T01:44:01Z
29.83628,-82.16579,2023-12-12T01:44:01Z
29.8367,-82.16548,2023-12-12T01:44:05Z
29.83898,-82.16377,2023-12-12T01:44:23Z
29.83937,-82.16347,2023-12-12T01:44:26Z
29.83958,-82.16331,2023-12-12T01:44:28Z
29.83966,-82.16325,2023-12-12T01:44:28Z
29.84138,-82.16198,2023-12-12T01:44:42Z
29.84342,-82.16048,2023-12-12T01:44:58Z
29.84387,-82.16018,2023-12-12T01:45:02Z
29.84439,-82.1599,2023-12-12T01:45:05Z
29.84488,-82.15968,2023-12-12T01:45:09Z
29.84536,-82.15949,2023-12-12T01:45:12Z
29.84861,-82.15822,2023-12-12T01:45:35Z
29.8489,-82.15811,2023-12-12T01:45:37Z
29.8489,-82.15811,2023-12-12T01:45:37Z
29.85049,-82.15746,2023-12-12T01:45:49Z
29.85293,-82.15644,2023-12-12T01:46:06Z
29.85539,-82.15538,2023-12-12T01:46:23Z
29.85584,-82.15519,2023-12-12T01:46:27Z
29.85626,-82.15503,2023-12-12T01:46:29Z
29.85681,-82.15484,2023-12-12T01:46:33Z
29.85756,-82.15461,2023-12-12T01:46:39Z
29.8576,-82.1546,2023-12-12T01:46:39Z
29.85793,-82.15452,2023-12-12T01:46:41Z
29.85834,-82.15443,2023-12-12T01:46:44Z
29.85973,-82.15413,2023-12-12T01:46:53Z
29.85993,-82.1541,2023-12-12T01:46:55Z
29.86179,-82.15372,2023-12-12T01:47:07Z
29.86202,-82.15367,2023-12-12T01:47:09Z
29.86418,-82.15323,2023-12-12T01:47:23Z
29.86653,-82.15275,2023-12-12T01:47:39Z
29.86682,-82.15269,2023-12-12T01:47:41Z
29.86763,-82.15253,2023-12-12T01:47:47Z
29.86833,-82.15239,2023-12-12T01:47:52Z
29.86865,-82.15232,2023-12-12T01:47:54Z
29.86959,-82.15213,2023-12-12T01:48:00Z
29.87231,-82.15158,2023-12-12T01:48:18Z
29.87295,-82.15145,2023-12-12T01:48:23Z
29.87473,-82.15109,2023-12-12T01:48:35Z
29.87718,-82.15059,2023-12-12T01:48:51Z
29.87731,-82.15056,2023-12-12T01:48:52Z
29.87884,-82.15025,2023-12-12T01:49:03Z
29.87926,-82.15016,2023-12-12T01:49:06Z
29.87971,-82.15004,2023-12-12T01:49:09Z
29.88015,-82.1499,2023-12-12T01:49:12Z
29.8806,-82.14972,2023-12-12T01:49:15Z
29.881,-82.14955,2023-12-12T01:49:18Z
29.8814,-82.14935,2023-12-12T01:49:21Z
29.88177,-82.14914,2023-12-12T01:49:23Z
29.88214,-82.14892,2023-12-12T01:49:26Z
29.8825,-82.14867,2023-12-12T01:49:29Z
29.8829,-82.14838,2023-12-12T01:49:32Z
29.88317,-82.14817,2023-12-12T01:49:34Z
29.8835,-82.14788,2023-12-12T01:49:37Z
29.88383,-82.14757,2023-12-12T01:49:40Z
29.88413,-82.14727,2023-12-12T01:49:43Z
29.88447,-82.14689,2023-12-12T01:49:46Z
29.8848,-82.14649,2023-12-12T01:49:49Z
29.88583,-82.14514,2023-12-12T01:49:59Z
29.88589,-82.14506,2023-12-12T01:50:00Z
29.88608,-82.1448,2023-12-12T01:50:02Z
29.88744,-82.14301,2023-12-12T01:50:16Z
29.8878,-82.14254,2023-12-12T01:50:19Z
29.88819,-82.1421,2023-12-12T01:50:23Z
29.88843,-82.14185,2023-12-12T01:50:25Z
29.88863,-82.14165,2023-12-12T01:50:27Z
29.88907,-82.14123,2023-12-12T01:50:31Z
29.88955,-82.14083,2023-12-12T01:50:35Z
29.89006,-82.14044,2023-12-12T01:50:39Z
29.8906,-82.14009,2023-12-12T01:50:43Z
29.89113,-82.13977,2023-12-12T01:50:47Z
29.89164,-82.13951,2023-12-12T01:50:51Z
29.89211,-82.1393,2023-12-12T01:50:54Z
29.89264,-82.1391,2023-12-12T01:50:58Z
29.89346,-82.13882,2023-12-12T01:51:03Z
29.89483,-82.13837,2023-12-12T01:51:13Z
29.89576,-82.13806,2023-12-12T01:51:19Z
29.89666,-82.13777,2023-12-12T01:51:25Z
29.89881,-82.13705,2023-12-12T01:51:40Z
29.89943,-82.13685,2023-12-12T01:51:45Z
29.89989,-82.1367,2023-12-12T01:51:48Z
29.90041,-82.13655,2023-12-12T01:51:51Z
29.90089,-82.13643,2023-12-12T01:51:55Z
29.90147,-82.13631,2023-12-12T01:51:59Z
29.90205,-82.13619,2023-12-12T01:52:03Z
29.90265,-82.13609,2023-12-12T01:52:07Z
29.90296,-82.13604,2023-12-12T01:52:09Z
29.90374,-82.1359,2023-12-12T01:52:14Z
29.90424,-82.13581,2023-12-12T01:52:17Z
29.90475,-82.13572,2023-12-12T01:52:21Z
29.90612,-82.13548,2023-12-12T01:52:30Z
29.9073,-82.13528,2023-12-12T01:52:38Z
29.90923,-82.13494,2023-12-12T01:52:51Z
29.90975,-82.13484,2023-12-12T01:52:55Z
29.91004,-82.13477,2023-12-12T01:52:57Z
29.91031,-82.13471,2023-12-12T01:52:58Z
29.91056,-82.13466,2023-12-12T01:53:00Z
29.91104,-82.13452,2023-12-12T01:53:03Z
29.91122,-82.13447,2023-12-12T01:53:05Z
29.91174,-82.13429,2023-12-12T01:53:08Z
29.91182,-82.13427,2023-12-12T01:53:09Z
29.91238,-82.13414,2023-12-12T01:53:13Z
29.91248,-82.13411,2023-12-12T01:53:13Z
29.91275,-82.13406,2023-12-12T01:53:15Z
29.91303,-82.13402,2023-12-12T01:53:17Z
29.91332,-82.134,2023-12-12T01:53:19Z
29.9136,-82.13399,2023-12-12T01:53:21Z
29.91383,-82.13399,2023-12-12T01:53:22Z
29.91391,-82.13399,2023-12-12T01:53:23Z
29.91429,-82.134,2023-12-12T01:53:25Z
29.91465,-82.13403,2023-12-12T01:53:28Z
29.91487,-82.13405,2023-12-12T01:53:29Z
29.91509,-82.13408,2023-12-12T01:53:31Z
29.91531,-82.13412,2023-12-12T01:53:32Z
29.91554,-82.13416,2023-12-12T01:53:34Z
29.91576,-82.13421,2023-12-12T01:53:35Z
29.9159,-82.13425,2023-12-12T01:53:36Z
29.91604,-82.13429,2023-12-12T01:53:37Z
29.91614,-82.13432,2023-12-12T01:53:38Z
29.91631,-82.13439,2023-12-12T01:53:39Z
29.91675,-82.13454,2023-12-12T01:53:42Z
29.91718,-82.13472,2023-12-12T01:53:45Z
29.91811,-82.13516,2023-12-12T01:53:52Z
29.92036,-82.13659,2023-12-12T01:54:09Z
29.92149,-82.13721,2023-12-12T01:54:17Z
29.9222,-82.13756,2023-12-12T01:54:23Z
29.92302,-82.13786,2023-12-12T01:54:28Z
29.92369,-82.13803,2023-12-12T01:54:33Z
29.92438,-82.13817,2023-12-12T01:54:38Z
29.92514,-82.13826,2023-12-12T01:54:43Z
29.92628,-82.13821,2023-12-12T01:54:50Z
29.92687,-82.13815,2023-12-12T01:54:54Z
29.9275,-82.13801,2023-12-12T01:54:59Z
29.92829,-82.13776,2023-12-12T01:55:04Z
29.93309,-82.13619,2023-12-12T01:55:37Z
29.93406,-82.13589,2023-12-12T01:55:44Z
29.93534,-82.13564,2023-12-12T01:55:53Z
29.93648,-82.13552,2023-12-12T01:56:00Z
29.93778,-82.13557,2023-12-12T01:56:09Z
29.93934,-82.13572,2023-12-12T01:56:19Z
29.9407,-82.13598,2023-12-12T01:56:29Z
29.94154,-82.13616,2023-12-12T01:56:34Z
29.94154,-82.13616,2023-12-12T01:56:34Z
29.94264,-82.13641,2023-12-12T01:56:42Z
29.94531,-82.13707,2023-12-12T01:57:00Z
29.94579,-82.13713,2023-12-12T01:57:03Z
29.94841,-82.13736,2023-12-12T01:57:21Z
29.94928,-82.13733,2023-12-12T01:57:27Z
29.95006,-82.13726,2023-12-12T01:57:32Z
29.9529,-82.13701,2023-12-12T01:57:51Z
29.95438,-82.13669,2023-12-12T01:58:01Z
29.9556,-82.13638,2023-12-12T01:58:09Z
29.95675,-82.136,2023-12-12T01:58:17Z
29.95942,-82.13488,2023-12-12T01:58:36Z
29.96112,-82.13399,2023-12-12T01:58:49Z
29.96174,-82.13362,2023-12-12T01:58:53Z
29.96235,-82.13322,2023-12-12T01:58:58Z
29.96265,-82.13301,2023-12-12T01:59:00Z
29.96324,-82.13257,2023-12-12T01:59:05Z
29.96384,-82.13211,2023-12-12T01:59:10Z
29.96486,-82.13124,2023-12-12T01:59:18Z
29.96486,-82.13124,2023-12-12T01:59:18Z
29.96486,-82.13124,2023-12-12T01:59:18Z
29.96487,-82.13123,2023-12-12T01:59:18Z
29.96584,-82.13031,2023-12-12T01:59:27Z
29.96681,-82.12931,2023-12-12T01:59:35Z
29.96762,-82.1284,2023-12-12T01:59:43Z
29.96812,-82.12779,2023-12-12T01:59:48Z
29.96858,-82.1272,2023-12-12T01:59:52Z
29.96903,-82.1266,2023-12-12T01:59:57Z
29.96903,-82.1266,2023-12-12T01:59:57Z
29.96978,-82.12555,2023-12-12T02:00:05Z
29.9716,-82.12305,2023-12-12T02:00:24Z
29.97216,-82.12232,2023-12-12T02:00:29Z
29.97243,-82.122,2023-12-12T02:00:32Z
29.9729,-82.12147,2023-12-12T02:00:36Z
29.97338,-82.12096,2023-12-12T02:00:41Z
29.9742,-82.12019,2023-12-12T02:00:48Z
29.97465,-82.11981,2023-12-12T02:00:51Z
29.97511,-82.11945,2023-12-12T02:00:55Z
29.97608,-82.11878,2023-12-12T02:01:03Z
29.9767,-82.11838,2023-12-12T02:01:07Z
29.9801,-82.11621,2023-12-12T02:01:33Z
29.98094,-82.11564,2023-12-12T02:01:40Z
29.98146,-82.11525,2023-12-12T02:01:44Z
29.98194,-82.11485,2023-12-12T02:01:48Z
29.98241,-82.11442,2023-12-12T02:01:52Z
29.98285,-82.11397,2023-12-12T02:01:56Z
29.98323,-82.11355,2023-12-12T02:01:59Z
29.98359,-82.11314,2023-12-12T02:02:03Z
29.98413,-82.11244,2023-12-12T02:02:08Z
29.98448,-82.11192,2023-12-12T02:02:12Z
29.9849,-82.11126,2023-12-12T02:02:17Z
29.9852,-82.11073,2023-12-12T02:02:20Z
29.98548,-82.1102,2023-12-12T02:02:24Z
29.98585,-82.10943,2023-12-12T02:02:29Z
29.98943,-82.10199,2023-12-12T02:03:18Z
29.9901,-82.10059,2023-12-12T02:03:27Z
29.99047,-82.09983,2023-12-12T02:03:32Z
29.99078,-82.09922,2023-12-12T02:03:36Z
29.99146,-82.09806,2023-12-12T02:03:45Z
29.99155,-82.09793,2023-12-12T02:03:46Z
29.99174,-82.09765,2023-12-12T02:03:48Z
29.99228,-82.09696,2023-12-12T02:03:53Z
29.99249,-82.09672,2023-12-12T02:03:55Z
29.99278,-82.0964,2023-12-12T02:03:58Z
29.99285,-82.09632,2023-12-12T02:03:58Z
29.99296,-82.09622,2023-12-12T02:03:59Z
29.99319,-82.09599,2023-12-12T02:04:01Z
29.99355,-82.09567,2023-12-12T02:04:04Z
29.99399,-82.09531,2023-12-12T02:04:08Z
29.99457,-82.09488,2023-12-12T02:04:12Z
29.99486,-82.09469,2023-12-12T02:04:15Z
29.99544,-82.09431,2023-12-12T02:04:19Z
29.99622,-82.09388,2023-12-12T02:04:25Z
29.99672,-82.09361,2023-12-12T02:04:29Z
29.99687,-82.09355,2023-12-12T02:04:30Z
29.99702,-82.09348,2023-12-12T02:04:31Z
29.99734,-82.09336,2023-12-12T02:04:33Z
29.9977,-82.09326,2023-12-12T02:04:35Z
29.9982,-82.0931,2023-12-12T02:04:39Z
29.9991,-82.09278,2023-12-12T02:04:45Z
30.00211,-82.09171,2023-12-12T02:05:06Z
30.00212,-82.09171,2023-12-12T02:05:06Z
30.0027,-82.0915,2023-12-12T02:05:10Z
30.00379,-82.09111,2023-12-12T02:05:18Z
30.00435,-82.09091,2023-12-12T02:05:22Z
30.00453,-82.09085,2023-12-12T02:05:23Z
30.00647,-82.09016,2023-12-12T02:05:37Z
30.00714,-82.08992,2023-12-12T02:05:41Z
30.00815,-82.08956,2023-12-12T02:05:48Z
30.0132,-82.08774,2023-12-12T02:06:24Z
30.01533,-82.08698,2023-12-12T02:06:39Z
30.01546,-82.08694,2023-12-12T02:06:39Z
30.01732,-82.08627,2023-12-12T02:06:52Z
30.01793,-82.08605,2023-12-12T02:06:57Z
30.01974,-82.08538,2023-12-12T02:07:09Z
30.02033,-82.08514,2023-12-12T02:07:14Z
30.0209,-82.08487,2023-12-12T02:07:18Z
30.02155,-82.08454,2023-12-12T02:07:22Z
30.0222,-82.08419,2023-12-12T02:07:27Z
30.02276,-82.08386,2023-12-12T02:07:31Z
30.02338,-82.08345,2023-12-12T02:07:36Z
30.02396,-82.08305,2023-12-12T02:07:41Z
30.02459,-82.0826,2023-12-12T02:07:46Z
30.02664,-82.0811,2023-12-12T02:08:02Z
30.02684,-82.08096,2023-12-12T02:08:03Z
30.02888,-82.07947,2023-12-12T02:08:19Z
30.03096,-82.07796,2023-12-12T02:08:36Z
30.03151,-82.07757,2023-12-12T02:08:40Z
30.0324,-82.07698,2023-12-12T02:08:47Z
30.03316,-82.07651,2023-12-12T02:08:53Z
30.0337,-82.07619,2023-12-12T02:08:57Z
30.03428,-82.07586,2023-12-12T02:09:01Z
30.03553,-82.07522,2023-12-12T02:09:10Z
30.0364,-82.07482,2023-12-12T02:09:16Z
30.0369,-82.0746,2023-12-12T02:09:20Z
30.03771,-82.07427,2023-12-12T02:09:26Z
30.03939,-82.07365,2023-12-12T02:09:38Z
30.03974,-82.07352,2023-12-12T02:09:40Z
30.04001,-82.07342,2023-12-12T02:09:42Z
30.0416,-82.07283,2023-12-12T02:09:53Z
30.0424,-82.07254,2023-12-12T02:09:59Z
30.04314,-82.07231,2023-12-12T02:10:04Z
30.04433,-82.07187,2023-12-12T02:10:12Z
30.04493,-82.07165,2023-12-12T02:10:16Z
30.04523,-82.07154,2023-12-12T02:10:18Z
30.04542,-82.07147,2023-12-12T02:10:20Z
30.04575,-82.07135,2023-12-12T02:10:22Z
30.04626,-82.07116,2023-12-12T02:10:26Z
30.0468,-82.07096,2023-12-12T02:10:29Z
30.0474,-82.07075,2023-12-12T02:10:34Z
30.04857,-82.07037,2023-12-12T02:10:42Z
30.04958,-82.06998,2023-12-12T02:10:49Z
30.05004,-82.0698,2023-12-12T02:10:52Z
30.05369,-82.06846,2023-12-12T02:11:18Z
30.05415,-82.06829,2023-12-12T02:11:21Z
30.05588,-82.06765,2023-12-12T02:11:33Z
30.05942,-82.06635,2023-12-12T02:11:58Z
30.0599,-82.06621,2023-12-12T02:12:01Z
30.06045,-82.06607,2023-12-12T02:12:05Z
30.06087,-82.06601,2023-12-12T02:12:08Z
30.06142,-82.06595,2023-12-12T02:12:11Z
30.0619,-82.06593,2023-12-12T02:12:14Z
30.06253,-82.06594,2023-12-12T02:12:19Z
30.06305,-82.06595,2023-12-12T02:12:22Z
30.06403,-82.06597,2023-12-12T02:12:29Z
30.06668,-82.06601,2023-12-12T02:12:46Z
30.06801,-82.06603,2023-12-12T02:12:55Z
30.06854,-82.06604,2023-12-12T02:12:59Z
30.06903,-82.06605,2023-12-12T02:13:02Z
30.07164,-82.06608,2023-12-12T02:13:19Z
30.07202,-82.06607,2023-12-12T02:13:22Z
30.07242,-82.06604,2023-12-12T02:13:25Z
30.07289,-82.066,2023-12-12T02:13:28Z
30.07359,-82.06591,2023-12-12T02:13:32Z
30.07415,-82.06581,2023-12-12T02:13:36Z
30.07473,-82.06568,2023-12-12T02:13:40Z
30.07536,-82.06551,2023-12-12T02:13:45Z
30.07593,-82.06532,2023-12-12T02:13:48Z
30.07653,-82.06512,2023-12-12T02:13:53Z
30.07949,-82.06402,2023-12-12T02:14:13Z
30.07972,-82.06394,2023-12-12T02:14:15Z
30.08035,-82.06371,2023-12-12T02:14:19Z
30.08126,-82.06338,2023-12-12T02:14:26Z
30.08433,-82.06225,2023-12-12T02:14:47Z
30.08512,-82.06193,2023-12-12T02:14:53Z
30.08564,-82.06168,2023-12-12T02:14:57Z
30.08585,-82.06157,2023-12-12T02:14:58Z
30.08585,-82.06157,2023-12-12T02:14:58Z
30.08585,-82.06157,2023-12-12T02:14:58Z
30.08628,-82.06135,2023-12-12T02:15:01Z
30.08991,-82.05941,2023-12-12T02:15:28Z
30.09128,-82.05868,2023-12-12T02:15:38Z
30.09474,-82.05682,2023-12-12T02:16:03Z
30.09569,-82.05632,2023-12-12T02:16:10Z
30.09694,-82.05565,2023-12-12T02:16:20Z
30.09721,-82.0555,2023-12-12T02:16:22Z
30.09933,-82.05437,2023-12-12T02:16:37Z
30.09961,-82.05421,2023-12-12T02:16:39Z
30.09967,-82.05419,2023-12-12T02:16:40Z
30.10066,-82.05366,2023-12-12T02:16:47Z
30.10137,-82.05328,2023-12-12T02:16:52Z
30.10159,-82.05316,2023-12-12T02:16:54Z
30.10287,-82.05248,2023-12-12T02:17:03Z
30.1036,-82.0521,2023-12-12T02:17:09Z
30.10399,-82.05191,2023-12-12T02:17:11Z
30.10437,-82.05174,2023-12-12T02:17:14Z
30.10493,-82.05151,2023-12-12T02:17:18Z
30.10685,-82.05077,2023-12-12T02:17:32Z
30.10925,-82.04985,2023-12-12T02:17:48Z
30.10966,-82.04968,2023-12-12T02:17:51Z
30.11033,-82.04943,2023-12-12T02:17:56Z
30.11081,-82.04925,2023-12-12T02:17:59Z
30.11087,-82.04923,2023-12-12T02:18:00Z
30.11163,-82.04893,2023-12-12T02:18:05Z
30.11202,-82.04879,2023-12-12T02:18:08Z
30.11332,-82.04829,2023-12-12T02:18:17Z
30.11396,-82.04803,2023-12-12T02:18:22Z
30.11447,-82.04782,2023-12-12T02:18:25Z
30.11541,-82.04742,2023-12-12T02:18:32Z
30.1157,-82.04729,2023-12-12T02:18:34Z
30.11658,-82.04689,2023-12-12T02:18:40Z
30.11742,-82.04648,2023-12-12T02:18:46Z
30.11886,-82.04577,2023-12-12T02:18:57Z
30.12041,-82.04497,2023-12-12T02:19:08Z
30.12224,-82.04405,2023-12-12T02:19:21Z
30.12402,-82.04321,2023-12-12T02:19:34Z
30.12492,-82.04281,2023-12-12T02:19:41Z
30.12586,-82.04242,2023-12-12T02:19:47Z
30.12679,-82.04205,2023-12-12T02:19:54Z
30.1277,-82.04171,2023-12-12T02:20:00Z
30.13753,-82.03808,2023-12-12T02:21:09Z
30.14244,-82.03626,2023-12-12T02:21:44Z
30.14812,-82.03416,2023-12-12T02:22:23Z
30.15107,-82.03307,2023-12-12T02:22:44Z
30.15107,-82.03307,2023-12-12T02:22:44Z
30.15137,-82.03296,2023-12-12T02:22:46Z
30.15137,-82.03296,2023-12-12T02:22:46Z
30.15225,-82.03264,2023-12-12T02:22:52Z
30.15284,-82.03242,2023-12-12T02:22:56Z
30.15513,-82.03157,2023-12-12T02:23:12Z
30.15748,-82.0307,2023-12-12T02:23:29Z
30.16459,-82.02807,2023-12-12T02:24:19Z
30.16989,-82.02611,2023-12-12T02:24:56Z
30.17121,-82.02562,2023-12-12T02:25:05Z
30.17253,-82.02515,2023-12-12T02:25:14Z
30.17386,-82.0247,2023-12-12T02:25:24Z
30.17518,-82.02429,2023-12-12T02:25:33Z
30.17777,-82.02353,2023-12-12T02:25:50Z
30.17858,-82.02329,2023-12-12T02:25:56Z
30.17935,-82.02305,2023-12-12T02:26:01Z
30.18042,-82.02269,2023-12-12T02:26:09Z
30.18096,-82.0225,2023-12-12T02:26:13Z
30.1852,-82.02088,2023-12-12T02:26:42Z
30.18543,-82.02079,2023-12-12T02:26:44Z
30.19032,-82.0189,2023-12-12T02:27:18Z
30.19237,-82.01811,2023-12-12T02:27:33Z
30.19261,-82.01802,2023-12-12T02:27:34Z
30.19398,-82.01749,2023-12-12T02:27:44Z
30.195,-82.0171,2023-12-12T02:27:51Z
30.19622,-82.01663,2023-12-12T02:28:00Z
30.19685,-82.01639,2023-12-12T02:28:04Z
30.19853,-82.01574,2023-12-12T02:28:16Z
30.19901,-82.01555,2023-12-12T02:28:19Z
30.19901,-82.01555,2023-12-12T02:28:19Z
30.20028,-82.01507,2023-12-12T02:28:28Z
30.20053,-82.01498,2023-12-12T02:28:30Z
30.20077,-82.01488,2023-12-12T02:28:32Z
30.20077,-82.01488,2023-12-12T02:28:32Z
30.20225,-82.01431,2023-12-12T02:28:42Z
30.20237,-82.01427,2023-12-12T02:28:43Z
30.2032,-82.01395,2023-12-12T02:28:49Z
30.20344,-82.01385,2023-12-12T02:28:51Z
30.20647,-82.01268,2023-12-12T02:29:12Z
30.2069,-82.01251,2023-12-12T02:29:15Z
30.2094,-82.01155,2023-12-12T02:29:33Z
30.2095,-82.01151,2023-12-12T02:29:33Z
30.21033,-82.01119,2023-12-12T02:29:39Z
30.21695,-82.00866,2023-12-12T02:30:26Z
30.21695,-82.00866,2023-12-12T02:30:26Z
30.21695,-82.00866,2023-12-12T02:30:26Z
30.2173,-82.00852,2023-12-12T02:30:28Z
30.22351,-82.00614,2023-12-12T02:31:12Z
30.2298,-82.00371,2023-12-12T02:31:56Z
30.23571,-82.00144,2023-12-12T02:32:38Z
30.24161,-81.99917,2023-12-12T02:33:19Z
30.24958,-81.99611,2023-12-12T02:34:15Z
30.25506,-81.99401,2023-12-12T02:34:54Z
30.26122,-81.99164,2023-12-12T02:35:37Z
30.26758,-81.9892,2023-12-12T02:36:22Z
30.27071,-81.988,2023-12-12T02:36:44Z
30.27667,-81.98571,2023-12-12T02:37:25Z
30.27765,-81.98534,2023-12-12T02:37:32Z
30.27991,-81.98447,2023-12-12T02:37:48Z
30.28015,-81.98438,2023-12-12T02:37:50Z
30.28287,-81.98334,2023-12-12T02:38:09Z
30.28349,-81.98311,2023-12-12T02:38:13Z
30.28376,-81.98302,2023-12-12T02:38:15Z
30.28409,-81.98294,2023-12-12T02:38:17Z
30.28447,-81.98286,2023-12-12T02:38:20Z
30.2845,-81.98285,2023-12-12T02:38:20Z
30.28486,-81.9828,2023-12-12T02:38:23Z
30.2849,-81.9828,2023-12-12T02:38:23Z
30.28519,-81.98277,2023-12-12T02:38:25Z
30.28537,-81.98277,2023-12-12T02:38:26Z
30.28558,-81.98277,2023-12-12T02:38:27Z
30.28577,-81.98276,2023-12-12T02:38:29Z
30.28621,-81.98276,2023-12-12T02:38:32Z
30.28644,-81.98276,2023-12-12T02:38:33Z
30.28664,-81.98276,2023-12-12T02:38:35Z
30.28694,-81.98277,2023-12-12T02:38:37Z
30.28694,-81.98277,2023-12-12T02:38:37Z
30.28767,-81.98262,2023-12-12T02:38:41Z
30.28784,-81.98257,2023-12-12T02:38:43Z
30.288,-81.98248,2023-12-12T02:38:44Z
30.28817,-81.98234,2023-12-12T02:38:45Z
30.28836,-81.98212,2023-12-12T02:38:47Z
30.28847,-81.98195,2023-12-12T02:38:48Z
30.28854,-81.98176,2023-12-12T02:38:49Z
30.2886,-81.98158,2023-12-12T02:38:51Z
30.28865,-81.98134,2023-12-12T02:38:52Z
30.2888,-81.98008,2023-12-12T02:38:59Z
30.28889,-81.97875,2023-12-12T02:39:07Z
30.28925,-81.97486,2023-12-12T02:39:30Z
30.28999,-81.96711,2023-12-12T02:40:14Z
30.29011,-81.96548,2023-12-12T02:40:24Z
30.29017,-81.96455,2023-12-12T02:40:29Z
30.29022,-81.9637,2023-12-12T02:40:34Z
30.29032,-81.96257,2023-12-12T02:40:41Z
30.29055,-81.96077,2023-12-12T02:40:51Z
30.2907,-81.95989,2023-12-12T02:40:56Z
30.29091,-81.95877,2023-12-12T02:41:03Z
30.29108,-81.95786,2023-12-12T02:41:08Z
30.29133,-81.95683,2023-12-12T02:41:14Z
30.29161,-81.95581,2023-12-12T02:41:21Z
30.29186,-81.95491,2023-12-12T02:41:26Z
30.29768,-81.93709,2023-12-12T02:43:16Z
30.2994,-81.93188,2023-12-12T02:43:48Z
30.29986,-81.93049,2023-12-12T02:43:57Z
30.30014,-81.92962,2023-12-12T02:44:02Z
30.30044,-81.92866,2023-12-12T02:44:08Z
30.3007,-81.92778,2023-12-12T02:44:13Z
30.30076,-81.92754,2023-12-12T02:44:15Z
30.30076,-81.92754,2023-12-12T02:44:15Z
30.30076,-81.92754,2023-12-12T02:44:15Z
30.30093,-81.9269,2023-12-12T02:44:18Z
30.30112,-81.9261,2023-12-12T02:44:23Z
30.30129,-81.92532,2023-12-12T02:44:28Z
30.30156,-81.92401,2023-12-12T02:44:36Z
30.30178,-81.92257,2023-12-12T02:44:44Z
30.30187,-81.92192,2023-12-12T02:44:48Z
30.30196,-81.9211,2023-12-12T02:44:53Z
30.30432,-81.89897,2023-12-12T02:47:01Z
30.30437,-81.89855,2023-12-12T02:47:03Z
30.30506,-81.89219,2023-12-12T02:47:40Z
30.30506,-81.89219,2023-12-12T02:47:40Z
30.30737,-81.87049,2023-12-12T02:49:46Z
30.30753,-81.86872,2023-12-12T02:49:57Z
30.30782,-81.86497,2023-12-12T02:50:18Z
30.3079,-81.86385,2023-12-12T02:50:25Z
30.308,-81.86236,2023-12-12T02:50:33Z
30.3081,-81.8612,2023-12-12T02:50:40Z
30.3086,-81.85439,2023-12-12T02:51:19Z
30.30864,-81.8539,2023-12-12T02:51:22Z
30.30897,-81.84965,2023-12-12T02:51:47Z
30.309,-81.84916,2023-12-12T02:51:50Z
30.30906,-81.84827,2023-12-12T02:51:55Z
30.30906,-81.84827,2023-12-12T02:51:55Z
30.30938,-81.84408,2023-12-12T02:52:19Z
30.30945,-81.84314,2023-12-12T02:52:24Z
30.30961,-81.84107,2023-12-12T02:52:36Z
30.31011,-81.83434,2023-12-12T02:53:15Z
30.31027,-81.83247,2023-12-12T02:53:26Z
30.31046,-81.83082,2023-12-12T02:53:36Z
30.3106,-81.82963,2023-12-12T02:53:43Z
30.31086,-81.82789,2023-12-12T02:53:53Z
30.31386,-81.80704,2023-12-12T02:55:55Z
30.31412,-81.80506,2023-12-12T02:56:06Z
30.31432,-81.80324,2023-12-12T02:56:17Z
30.31447,-81.80142,2023-12-12T02:56:27Z
30.31456,-81.80003,2023-12-12T02:56:35Z
30.31462,-81.7986,2023-12-12T02:56:43Z
30.31465,-81.79748,2023-12-12T02:56:50Z
30.31465,-81.79748,2023-12-12T02:56:50Z
30.31473,-81.79317,2023-12-12T02:57:15Z
30.31476,-81.79115,2023-12-12T02:57:26Z
30.31484,-81.78687,2023-12-12T02:57:51Z
30.31488,-81.78494,2023-12-12T02:58:02Z
30.3149,-81.78383,2023-12-12T02:58:09Z
30.31491,-81.78337,2023-12-12T02:58:11Z
30.31502,-81.77578,2023-12-12T02:58:55Z
30.31502,-81.77578,2023-12-12T02:58:55Z
30.31497,-81.77536,2023-12-12T02:58:57Z
30.31494,-81.77505,2023-12-12T02:58:59Z
30.31487,-81.77469,2023-12-12T02:59:01Z
30.31481,-81.77447,2023-12-12T02:59:03Z
30.31474,-81.77425,2023-12-12T02:59:04Z
30.31466,-81.77401,2023-12-12T02:59:05Z
30.3146,-81.77386,2023-12-12T02:59:06Z
30.31444,-81.77355,2023-12-12T02:59:09Z
30.31416,-81.77307,2023-12-12T02:59:12Z
30.31386,-81.77257,2023-12-12T02:59:15Z
30.3135,-81.77207,2023-12-12T02:59:19Z
30.31341,-81.77191,2023-12-12T02:59:20Z
30.31335,-81.77177,2023-12-12T02:59:21Z
30.31329,-81.77158,2023-12-12T02:59:22Z
30.31326,-81.77142,2023-12-12T02:59:23Z
30.31324,-81.77129,2023-12-12T02:59:24Z
30.31322,-81.77108,2023-12-12T02:59:25Z
30.31323,-81.77081,2023-12-12T02:59:27Z
30.31327,-81.77064,2023-12-12T02:59:28Z
30.31331,-81.77046,2023-12-12T02:59:29Z
30.31337,-81.77029,2023-12-12T02:59:30Z
30.31344,-81.77014,2023-12-12T02:59:31Z
30.31369,-81.76978,2023-12-12T02:59:34Z
30.31383,-81.76964,2023-12-12T02:59:35Z
30.31405,-81.76947,2023-12-12T02:59:37Z
30.31425,-81.76936,2023-12-12T02:59:38Z
30.31442,-81.76932,2023-12-12T02:59:39Z
30.31464,-81.76928,2023-12-12T02:59:41Z
30.31486,-81.76927,2023-12-12T02:59:42Z
30.31559,-81.76931,2023-12-12T02:59:47Z
30.31621,-81.76941,2023-12-12T02:59:51Z
30.31677,-81.76952,2023-12-12T02:59:55Z
30.31735,-81.76967,2023-12-12T02:59:59Z
30.31772,-81.76971,2023-12-12T03:00:01Z
30.31923,-81.77018,2023-12-12T03:00:12Z
30.31945,-81.77023,2023-12-12T03:00:13Z
30.31978,-81.77028,2023-12-12T03:00:16Z
30.32055,-81.77032,2023-12-12T03:00:21Z
30.32077,-81.77033,2023-12-12T03:00:22Z
30.32084,-81.77033,2023-12-12T03:00:23Z
30.32084,-81.77033,2023-12-12T03:00:23Z
30.32084,-81.77033,2023-12-12T03:00:23Z
30.3211,-81.77032,2023-12-12T03:00:24Z
30.32122,-81.77031,2023-12-12T03:00:25Z
30.32165,-81.77027,2023-12-12T03:00:28Z
30.32192,-81.77022,2023-12-12T03:00:30Z
30.32247,-81.7701,2023-12-12T03:00:34Z
30.32263,-81.77006,2023-12-12T03:00:35Z
30.32323,-81.76986,2023-12-12T03:00:39Z
30.32374,-81.76964,2023-12-12T03:00:42Z
30.32426,-81.76937,2023-12-12T03:00:46Z
30.32455,-81.76919,2023-12-12T03:00:48Z
30.32489,-81.76896,2023-12-12T03:00:51Z
30.32533,-81.76861,2023-12-12T03:00:55Z
30.32572,-81.76825,2023-12-12T03:00:58Z
30.32612,-81.76786,2023-12-12T03:01:01Z
30.32641,-81.76756,2023-12-12T03:01:04Z
30.32846,-81.76558,2023-12-12T03:01:22Z
30.32916,-81.76488,2023-12-12T03:01:28Z
30.32958,-81.76449,2023-12-12T03:01:32Z
30.32992,-81.76419,2023-12-12T03:01:35Z
30.33021,-81.76394,2023-12-12T03:01:37Z
30.3305,-81.76372,2023-12-12T03:01:39Z
30.33101,-81.76335,2023-12-12T03:01:43Z
30.33158,-81.76292,2023-12-12T03:01:48Z
30.33158,-81.76292,2023-12-12T03:01:48Z
30.33239,-81.76243,2023-12-12T03:01:54Z
30.33307,-81.76208,2023-12-12T03:01:59Z
30.3334,-81.76193,2023-12-12T03:02:01Z
30.33379,-81.76175,2023-12-12T03:02:04Z
30.33433,-81.76153,2023-12-12T03:02:08Z
30.33485,-81.76134,2023-12-12T03:02:11Z
30.33524,-81.76121,2023-12-12T03:02:14Z
30.33547,-81.76114,2023-12-12T03:02:16Z
30.33592,-81.76102,2023-12-12T03:02:19Z
30.33663,-81.76086,2023-12-12T03:02:24Z
30.33697,-81.76079,2023-12-12T03:02:26Z
30.33724,-81.76075,2023-12-12T03:02:28Z
30.33752,-81.7607,2023-12-12T03:02:30Z
30.33784,-81.76067,2023-12-12T03:02:32Z
30.33838,-81.76062,2023-12-12T03:02:35Z
30.33865,-81.7606,2023-12-12T03:02:37Z
30.33946,-81.76057,2023-12-12T03:02:43Z
30.34034,-81.76058,2023-12-12T03:02:49Z
30.34089,-81.76059,2023-12-12T03:02:52Z
30.34275,-81.7606,2023-12-12T03:03:05Z
30.34527,-81.76063,2023-12-12T03:03:21Z
30.34662,-81.76067,2023-12-12T03:03:30Z
30.347,-81.76067,2023-12-12T03:03:33Z
30.35012,-81.7607,2023-12-12T03:03:54Z
30.35309,-81.76072,2023-12-12T03:04:14Z
30.35886,-81.76078,2023-12-12T03:04:52Z
30.36104,-81.76081,2023-12-12T03:05:07Z
30.36141,-81.76082,2023-12-12T03:05:09Z
30.36291,-81.76083,2023-12-12T03:05:19Z
30.36587,-81.76087,2023-12-12T03:05:39Z
30.36622,-81.76088,2023-12-12T03:05:41Z
30.3674,-81.76089,2023-12-12T03:05:49Z
30.3674,-81.76089,2023-12-12T03:05:49Z
30.37111,-81.7609,2023-12-12T03:06:14Z
30.37184,-81.7609,2023-12-12T03:06:19Z
30.3723,-81.7609,2023-12-12T03:06:22Z
30.37349,-81.76093,2023-12-12T03:06:30Z
30.3752,-81.76089,2023-12-12T03:06:41Z
30.37637,-81.76084,2023-12-12T03:06:49Z
30.37711,-81.76079,2023-12-12T03:06:54Z
30.37742,-81.76077,2023-12-12T03:06:56Z
30.37783,-81.76073,2023-12-12T03:06:59Z
30.37815,-81.76071,2023-12-12T03:07:01Z
30.37878,-81.76063,2023-12-12T03:07:05Z
30.37941,-81.76058,2023-12-12T03:07:09Z
30.38114,-81.76035,2023-12-12T03:07:21Z
30.38169,-81.76026,2023-12-12T03:07:25Z
30.38198,-81.76021,2023-12-12T03:07:27Z
30.38225,-81.76017,2023-12-12T03:07:28Z
30.38314,-81.76002,2023-12-12T03:07:34Z
30.38342,-81.75996,2023-12-12T03:07:36Z
30.38424,-81.75981,2023-12-12T03:07:42Z
30.38487,-81.75967,2023-12-12T03:07:46Z
30.38518,-81.7596,2023-12-12T03:07:48Z
30.38645,-81.75932,2023-12-12T03:07:57Z
30.38866,-81.75873,2023-12-12T03:08:12Z
30.38898,-81.75864,2023-12-12T03:08:14Z
30.38961,-81.75844,2023-12-12T03:08:18Z
30.38993,-81.75835,2023-12-12T03:08:21Z
30.39024,-81.75824,2023-12-12T03:08:23Z
30.39056,-81.75815,2023-12-12T03:08:25Z
30.39182,-81.75774,2023-12-12T03:08:34Z
30.39245,-81.75754,2023-12-12T03:08:38Z
30.39277,-81.75744,2023-12-12T03:08:40Z
30.39372,-81.75714,2023-12-12T03:08:47Z
30.39391,-81.75708,2023-12-12T03:08:48Z
30.39405,-81.75703,2023-12-12T03:08:49Z
30.39454,-81.75688,2023-12-12T03:08:53Z
30.3953,-81.75664,2023-12-12T03:08:58Z
30.39562,-81.75653,2023-12-12T03:09:00Z
30.39625,-81.75633,2023-12-12T03:09:04Z
30.40542,-81.75342,2023-12-12T03:10:08Z
30.40694,-81.75288,2023-12-12T03:10:18Z
30.40737,-81.75272,2023-12-12T03:10:21Z
30.40773,-81.75255,2023-12-12T03:10:24Z
30.40803,-81.75238,2023-12-12T03:10:26Z
30.40825,-81.75224,2023-12-12T03:10:28Z
30.40865,-81.75196,2023-12-12T03:10:31Z
30.40903,-81.75164,2023-12-12T03:10:34Z
30.40903,-81.75164,2023-12-12T03:10:34Z
30.40943,-81.7513,2023-12-12T03:10:38Z
30.4099,-81.75082,2023-12-12T03:10:42Z
30.41033,-81.75029,2023-12-12T03:10:46Z
30.41072,-81.74973,2023-12-12T03:10:50Z
30.41119,-81.74891,2023-12-12T03:10:56Z
30.41187,-81.74764,2023-12-12T03:11:04Z
30.41221,-81.74703,2023-12-12T03:11:08Z
30.41242,-81.74666,2023-12-12T03:11:11Z
30.41483,-81.74229,2023-12-12T03:11:41Z
30.41608,-81.74013,2023-12-12T03:11:56Z
30.41651,-81.73938,2023-12-12T03:12:01Z
30.41679,-81.73899,2023-12-12T03:12:04Z
30.41709,-81.7386,2023-12-12T03:12:07Z
30.41737,-81.73826,2023-12-12T03:12:10Z
30.41766,-81.73792,2023-12-12T03:12:12Z
30.41824,-81.73732,2023-12-12T03:12:18Z
30.41854,-81.73704,2023-12-12T03:12:20Z
30.41884,-81.73677,2023-12-12T03:12:23Z
30.41915,-81.73651,2023-12-12T03:12:25Z
30.41928,-81.7364,2023-12-12T03:12:26Z
30.41943,-81.73628,2023-12-12T03:12:28Z
30.41973,-81.73605,2023-12-12T03:12:30Z
30.42029,-81.73567,2023-12-12T03:12:34Z
30.42075,-81.73539,2023-12-12T03:12:38Z
30.42087,-81.73532,2023-12-12T03:12:39Z
